perf_id,employee_id,date_debut,date_fin,tasks_completed,overtime_hours,performance_score,project_success_rate
1,1,1/28/2006,5/15/2012,9,1,73,71
2,1,8/24/2004,5/28/2016,11,2,68,73
3,1,5/1/2000,12/13/2014,9,5,78,73
4,1,5/4/1999,10/26/2017,8,1,71,69
5,1,5/27/2003,3/23/2015,8,5,71,76
6,1,5/27/2008,7/17/2011,14,2,79,83
7,2,4/1/1997,1/11/2021,12,1,70,71
8,2,5/1/1999,12/8/2011,13,3,69,67
9,2,2/17/1996,10/24/2020,13,1,67,68
10,2,3/6/1996,10/9/2024,9,3,76,80
11,2,8/14/2006,6/1/2016,12,1,79,82
12,2,1/30/1999,7/28/2014,9,4,67,70
13,3,1/15/1999,4/10/2010,12,5,76,80
14,3,6/18/1997,5/18/2021,11,1,66,71
15,3,1/29/2010,10/8/2010,11,3,67,65
16,3,8/10/2001,4/25/2015,9,4,73,75
17,3,9/30/2007,2/5/2020,13,2,76,76
18,3,9/8/2014,1/16/2010,11,3,67,71
19,4,5/19/2013,2/4/2019,10,5,72,69
20,4,8/7/2009,10/15/2011,15,4,73,78
21,4,11/20/1998,5/3/2025,11,3,66,64
22,4,3/23/2011,6/16/2011,8,3,77,76
23,4,1/7/2005,4/24/2022,9,2,75,73
24,4,2/15/2011,12/19/2015,15,4,79,76
25,5,4/28/2000,5/20/2010,12,2,72,75
26,5,1/9/2014,1/17/2020,12,5,78,82
27,5,1/2/2007,12/6/2013,14,3,72,69
28,5,5/15/1999,10/17/2023,15,1,66,62
29,5,12/28/1996,6/5/2014,10,2,78,82
30,5,8/2/2011,6/25/2021,9,4,77,81
31,6,2/15/2014,11/10/2018,15,5,73,76
32,6,4/19/2001,1/25/2025,8,1,73,78
33,6,4/22/2014,1/16/2014,13,1,74,75
34,6,4/28/2015,9/27/2014,10,4,65,64
35,6,9/17/2010,6/26/2012,10,5,68,73
36,6,10/31/2005,11/6/2020,12,5,71,68
37,7,6/28/1998,3/19/2017,13,2,65,69
38,7,2/5/2008,5/15/2015,13,4,65,61
39,7,10/23/2012,1/9/2012,13,3,72,67
40,7,12/15/2006,7/19/2020,11,5,67,63
41,7,11/23/2015,11/26/2017,15,1,69,66
42,7,11/25/2003,10/26/2017,15,5,70,69
43,8,7/20/1997,1/16/2011,20,6,88,86
44,8,10/17/2000,3/26/2012,20,3,84,85
45,8,6/3/2011,10/30/2020,17,5,89,85
46,8,2/24/2004,2/9/2025,15,3,77,77
47,8,10/4/2006,7/22/2023,12,6,82,86
48,8,7/21/2004,10/29/2025,15,2,77,82
49,9,4/14/2013,5/5/2016,12,3,77,72
50,9,12/20/1999,11/12/2014,17,2,82,81
51,9,11/7/2011,4/23/2021,19,3,79,83
52,9,11/6/2008,8/24/2023,19,3,90,91
53,9,1/25/2011,2/25/2017,15,2,78,83
54,9,11/7/2008,1/30/2025,18,4,88,89
55,10,9/3/2001,3/12/2025,19,2,78,73
56,10,7/19/1998,11/28/2020,18,4,78,76
57,10,2/1/1997,10/2/2015,15,3,89,86
58,10,1/25/2008,7/24/2013,18,3,83,85
59,10,1/23/2013,8/8/2021,15,2,89,92
60,10,5/5/2014,11/11/2022,13,2,75,71
61,11,8/25/2012,1/29/2014,18,3,93,95
62,11,9/20/2004,10/9/2022,22,3,92,87
63,11,4/11/2004,11/15/2012,17,5,80,81
64,11,11/6/2015,12/1/2019,19,8,94,93
65,11,11/3/1996,3/10/2017,21,7,95,92
66,11,3/4/1996,8/7/2016,18,4,86,81
67,12,10/18/2008,5/7/2023,8,3,66,61
68,12,5/31/2015,9/6/2023,15,5,70,65
69,12,3/4/2011,1/9/2020,9,2,67,71
70,12,10/15/2007,11/23/2017,9,2,77,73
71,12,12/18/2001,7/30/2020,11,5,66,70
72,12,12/17/2007,10/6/2025,9,4,75,74
73,13,1/2/2001,1/6/2023,11,3,72,71
74,13,7/27/2009,12/8/2012,14,2,74,76
75,13,8/17/2004,5/7/2024,13,1,65,67
76,13,1/31/2010,2/27/2020,9,1,71,74
77,13,7/9/1997,10/26/2019,12,2,76,72
78,13,3/25/2007,8/9/2010,11,3,74,71
79,14,6/22/2015,7/2/2016,22,8,89,93
80,14,8/18/2004,12/13/2013,25,6,80,85
81,14,12/23/1998,8/31/2019,23,4,83,80
82,14,6/22/1999,6/9/2025,19,2,83,86
83,14,3/24/1996,2/11/2019,17,4,89,93
84,14,9/9/2011,1/5/2012,18,7,90,88
85,15,10/30/2009,4/14/2019,12,5,80,79
86,15,7/3/2003,5/30/2016,8,1,78,77
87,15,11/24/2005,3/5/2017,8,1,75,72
88,15,1/9/2014,4/6/2016,12,2,79,82
89,15,2/20/1996,12/1/2018,14,5,65,61
90,15,2/17/1998,10/31/2011,9,2,66,66
91,16,12/18/1997,1/27/2024,24,6,84,85
92,16,2/17/2014,3/23/2017,17,2,89,89
93,16,2/12/2000,1/17/2011,15,4,86,91
94,16,3/29/2003,9/5/2011,18,7,83,83
95,16,5/11/2014,3/13/2025,23,8,93,97
96,16,2/25/1998,1/9/2025,17,3,85,82
97,17,3/9/2012,4/11/2015,18,2,80,80
98,17,3/29/2010,6/2/2025,18,3,83,80
99,17,11/24/2004,6/6/2023,13,5,76,78
100,17,12/27/1999,12/15/2017,15,3,89,89
101,17,4/10/2014,10/19/2016,16,3,82,77
102,17,11/30/2013,4/26/2010,15,5,85,84
103,18,10/9/2007,6/22/2023,16,8,88,88
104,18,7/27/1998,5/26/2016,25,6,92,97
105,18,7/2/2007,5/16/2017,23,4,80,76
106,18,7/13/2001,4/9/2010,19,3,88,83
107,18,6/25/1997,3/29/2012,16,6,93,93
108,18,2/10/2012,9/21/2017,20,5,83,84
109,19,5/3/2011,2/22/2014,15,4,76,77
110,19,9/16/2000,6/3/2013,12,6,81,81
111,19,12/27/2012,3/9/2015,18,2,85,89
112,19,8/9/2013,5/9/2021,17,2,84,87
113,19,4/26/2002,9/13/2022,16,5,85,86
114,19,3/17/2011,8/20/2021,16,6,79,77
115,20,4/13/2006,5/12/2011,21,7,92,97
116,20,5/4/2000,2/19/2016,17,6,89,90
117,20,8/7/1998,8/2/2015,23,8,80,79
118,20,6/29/1999,2/24/2018,19,3,93,97
119,20,2/13/2014,8/13/2023,24,7,90,92
120,20,12/8/1996,11/13/2019,22,5,86,89
121,21,2/9/2002,10/29/2011,19,3,77,76
122,21,4/19/2003,10/20/2024,20,6,85,81
123,21,9/26/2004,11/15/2025,15,4,82,80
124,21,4/11/2012,8/25/2023,14,2,76,74
125,21,9/8/2000,2/27/2019,19,6,77,79
126,21,5/12/1996,10/24/2020,18,6,81,82
127,22,9/21/2015,11/15/2022,15,4,72,69
128,22,7/19/2010,7/4/2018,8,1,78,76
129,22,9/29/2010,1/8/2024,10,5,79,74
130,22,9/13/2009,3/17/2011,11,1,79,76
131,22,11/5/2014,9/14/2022,15,5,75,77
132,22,7/13/2002,4/4/2025,14,5,79,76
133,23,12/10/1999,12/22/2016,22,5,88,86
134,23,6/10/1998,8/31/2019,25,4,95,100
135,23,12/5/2000,9/15/2024,18,4,94,90
136,23,9/1/2006,6/8/2010,19,3,88,88
137,23,9/13/1996,6/10/2020,20,6,82,79
138,23,11/29/2000,5/10/2010,17,3,92,89
139,24,4/16/2014,1/13/2021,15,2,88,89
140,24,10/18/2010,3/18/2022,17,6,89,90
141,24,4/27/1999,3/11/2015,12,3,88,89
142,24,6/7/2002,7/7/2015,12,6,87,89
143,24,9/13/2006,3/25/2017,12,4,84,85
144,24,7/29/2014,2/14/2010,18,6,82,84
145,25,2/5/2002,5/26/2011,11,3,78,80
146,25,12/30/2000,3/26/2023,8,4,75,80
147,25,7/2/2012,5/12/2024,14,2,79,76
148,25,8/18/2004,11/8/2017,8,4,65,61
149,25,12/13/1998,5/15/2018,14,2,79,76
150,25,5/19/2013,10/25/2025,8,3,77,77
151,26,11/30/1996,10/14/2013,18,5,90,90
152,26,7/16/2001,5/14/2025,21,4,93,92
153,26,5/19/1997,10/27/2025,16,5,80,83
154,26,4/25/2000,1/1/2015,15,4,87,92
155,26,9/5/2005,10/30/2010,16,8,81,76
156,26,2/18/1999,11/14/2013,18,3,80,84
157,27,10/4/2011,9/3/2018,14,3,79,81
158,27,9/25/2005,1/30/2012,13,6,81,83
159,27,10/9/2012,4/25/2017,16,4,80,84
160,27,11/18/2010,10/16/2011,13,3,84,80
161,27,2/18/2005,12/2/2010,12,4,87,88
162,27,5/18/2002,1/28/2021,15,2,82,78
163,28,10/16/1998,10/8/2021,16,6,78,82
164,28,1/3/2009,4/13/2025,12,4,88,93
165,28,7/23/2014,7/6/2011,17,2,85,80
166,28,5/11/1998,1/16/2013,18,5,78,79
167,28,7/2/2005,7/5/2012,17,5,79,80
168,28,12/8/2005,12/26/2016,14,6,83,87
169,29,7/6/2000,1/21/2013,20,5,89,90
170,29,6/2/2005,12/5/2019,16,4,82,78
171,29,5/21/2006,10/28/2015,16,5,82,84
172,29,8/9/1997,6/6/2012,18,4,75,77
173,29,4/26/1996,7/27/2016,17,3,90,88
174,29,7/28/2010,9/6/2011,17,4,85,84
175,30,12/25/1998,10/30/2018,12,5,65,68
176,30,4/14/2015,5/1/2010,11,1,72,73
177,30,10/19/2014,8/23/2019,15,5,72,74
178,30,10/5/1997,9/6/2022,15,4,65,61
179,30,12/4/2003,10/21/2020,12,2,77,75
180,30,4/7/2006,9/9/2016,12,5,76,78
181,31,4/16/2014,9/8/2017,13,4,75,75
182,31,4/29/2011,2/21/2021,15,3,74,73
183,31,3/31/2003,2/26/2011,11,1,71,71
184,31,12/19/2014,4/26/2015,9,5,70,68
185,31,10/16/2005,2/16/2017,11,4,73,77
186,31,11/30/2001,10/14/2017,12,1,71,70
187,32,7/12/2001,3/13/2021,18,4,85,84
188,32,9/14/2015,8/2/2024,15,7,84,83
189,32,2/19/2007,9/26/2017,15,2,89,86
190,32,1/31/2000,10/8/2023,25,8,95,91
191,32,8/21/2005,7/16/2022,15,6,89,91
192,32,9/21/2014,5/3/2017,22,5,90,87
193,33,3/27/2005,10/19/2010,8,3,80,76
194,33,3/3/2005,3/3/2016,9,4,80,76
195,33,7/4/2004,6/3/2013,8,2,69,73
196,33,10/24/2000,8/28/2011,12,1,72,68
197,33,10/19/2002,7/7/2022,14,5,72,75
198,33,8/14/2006,11/8/2015,14,4,79,78
199,34,12/31/1998,7/22/2024,18,4,76,80
200,34,7/27/2009,10/2/2011,13,3,81,80
201,34,1/3/1999,10/18/2012,13,3,82,79
202,34,2/23/2005,3/8/2022,20,2,80,75
203,34,4/7/2009,9/9/2023,18,5,90,89
204,34,3/27/2008,8/2/2019,12,3,84,83
205,35,7/3/1998,3/27/2024,19,2,82,81
206,35,12/23/2004,9/16/2019,15,5,78,81
207,35,9/9/2007,8/22/2013,15,3,83,80
208,35,2/23/1997,10/9/2023,13,2,80,79
209,35,6/3/1996,10/18/2011,16,5,78,80
210,35,6/15/1999,1/5/2024,16,5,83,86
211,36,6/7/2015,4/17/2020,15,4,67,71
212,36,2/26/2015,10/24/2018,8,4,75,79
213,36,5/21/2002,5/13/2017,12,1,67,65
214,36,7/19/2014,8/26/2019,8,3,66,63
215,36,6/10/1996,12/11/2020,15,5,79,78
216,36,5/13/1998,1/28/2024,10,5,78,83
217,37,11/20/2007,10/16/2022,15,1,80,80
218,37,11/15/2006,12/7/2012,14,3,75,80
219,37,8/21/2015,5/10/2010,9,2,75,76
220,37,1/16/2008,2/27/2011,15,3,77,80
221,37,6/29/2003,9/20/2017,8,4,67,67
222,37,3/4/2004,7/28/2025,12,3,68,69
223,38,1/11/2010,10/1/2022,20,2,89,90
224,38,12/15/2008,11/15/2010,12,3,86,90
225,38,5/28/2001,6/17/2019,19,5,76,74
226,38,3/24/2014,12/17/2017,16,6,79,78
227,38,10/8/2014,5/9/2017,19,5,78,73
228,38,8/12/2014,5/4/2010,15,3,84,87
229,39,11/16/1997,10/20/2016,15,6,93,89
230,39,6/24/2014,9/4/2018,18,8,83,85
231,39,8/30/2007,9/6/2021,16,7,84,86
232,39,10/16/2015,4/1/2013,19,6,88,89
233,39,8/2/2004,11/5/2011,22,5,87,89
234,39,1/13/1998,2/4/2011,23,3,92,90
235,40,8/22/2002,12/19/2017,24,6,84,80
236,40,11/4/2009,4/17/2014,19,8,93,93
237,40,12/19/2015,4/29/2023,23,4,80,79
238,40,4/5/1998,12/28/2012,19,8,95,92
239,40,12/21/1997,12/13/2012,22,6,95,95
240,40,10/14/2013,11/20/2010,20,6,92,94
241,41,1/20/2002,2/13/2022,17,3,82,86
242,41,9/27/2000,12/1/2024,18,3,88,83
243,41,3/30/2007,6/26/2022,17,5,87,88
244,41,10/18/2010,12/25/2025,14,5,76,73
245,41,8/31/2013,6/28/2011,20,6,85,81
246,41,11/20/2015,12/1/2022,19,2,89,84
247,42,2/24/2012,6/30/2020,14,5,79,75
248,42,3/15/2005,2/17/2012,19,4,85,89
249,42,6/2/2003,7/25/2025,18,2,85,90
250,42,5/28/2008,7/16/2022,20,5,85,90
251,42,1/7/2014,9/29/2015,19,6,76,80
252,42,9/20/2013,1/14/2010,13,3,84,82
253,43,6/11/2014,7/7/2017,16,5,83,88
254,43,5/2/2007,4/4/2011,16,5,85,84
255,43,9/21/1999,6/11/2023,15,2,90,85
256,43,10/8/2005,6/3/2019,19,4,91,92
257,43,11/3/2003,11/11/2014,17,3,93,97
258,43,6/17/1996,2/15/2014,25,8,85,82
259,44,7/15/1996,2/26/2020,10,1,77,81
260,44,12/19/2014,12/9/2016,11,4,69,67
261,44,5/14/2001,7/28/2022,15,3,79,78
262,44,8/10/2000,6/22/2017,8,4,74,79
263,44,5/2/2015,7/10/2017,10,1,79,79
264,44,2/25/2005,10/24/2012,12,4,73,75
265,45,10/18/2011,7/5/2010,12,2,77,79
266,45,12/25/2013,7/10/2024,9,2,77,81
267,45,10/10/1997,6/17/2012,13,5,74,73
268,45,7/31/2000,10/18/2020,8,4,73,68
269,45,11/22/2004,12/5/2023,8,5,80,79
270,45,12/28/2005,9/9/2017,11,5,76,74
271,46,6/20/2014,7/24/2016,11,5,73,78
272,46,12/14/2008,5/10/2025,10,1,66,65
273,46,4/14/1999,2/25/2024,15,1,76,73
274,46,8/26/2001,7/15/2019,9,3,75,76
275,46,12/26/1997,8/3/2021,10,2,69,72
276,46,7/15/2012,8/3/2022,13,5,73,70
277,47,6/16/2002,1/25/2011,16,5,84,84
278,47,12/8/2003,10/25/2023,13,5,77,74
279,47,1/19/2011,3/8/2011,15,5,86,82
280,47,7/21/1997,7/21/2024,18,2,83,86
281,47,9/16/2007,8/23/2013,13,5,86,91
282,47,1/26/2009,9/2/2014,16,6,87,92
283,48,6/27/2000,7/24/2011,13,1,72,74
284,48,12/20/2004,6/14/2013,8,5,75,79
285,48,7/30/2003,5/21/2010,11,1,79,78
286,48,6/3/1998,1/23/2010,14,1,69,64
287,48,2/24/2003,4/6/2025,8,3,80,76
288,48,3/2/2013,6/3/2023,9,2,69,70
289,49,2/16/2003,5/4/2020,19,4,88,92
290,49,3/22/2007,11/17/2023,14,5,78,80
291,49,7/26/2011,9/14/2012,18,4,76,76
292,49,9/5/2015,7/25/2017,15,5,89,87
293,49,10/7/2002,12/2/2016,17,2,86,89
294,49,7/3/2004,1/31/2019,17,2,87,86
295,50,11/5/1999,6/14/2013,15,2,89,85
296,50,11/16/2015,10/30/2021,15,6,75,70
297,50,5/19/2000,6/23/2010,17,3,79,83
298,50,4/9/2008,8/29/2024,15,2,81,85
299,50,12/28/2014,9/22/2025,15,3,85,82
300,50,11/23/2015,7/3/2022,12,4,79,76
301,51,2/1/2005,10/27/2020,12,2,68,73
302,51,11/11/2009,9/21/2020,8,2,65,65
303,51,10/14/2014,3/22/2021,11,5,75,70
304,51,12/5/1998,8/31/2022,10,3,66,63
305,51,5/29/1998,6/13/2013,14,5,68,64
306,51,12/13/2007,12/22/2014,15,4,76,79
307,52,7/10/2000,8/23/2024,9,4,72,76
308,52,4/5/2012,9/5/2015,8,5,74,76
309,52,7/22/2001,3/3/2022,8,1,80,81
310,52,6/21/1998,9/24/2017,14,1,80,82
311,52,6/6/2002,2/28/2010,9,1,75,79
312,52,7/3/2000,9/8/2017,10,1,69,68
313,53,11/28/1999,4/24/2023,20,4,87,91
314,53,2/9/2000,6/29/2013,20,4,89,92
315,53,4/11/2005,11/10/2011,18,2,78,83
316,53,9/30/2012,11/29/2018,20,3,88,90
317,53,10/18/1997,12/5/2016,15,5,85,87
318,53,10/10/2004,12/25/2023,18,5,78,78
319,54,9/30/2010,2/4/2019,21,4,88,88
320,54,10/3/1996,2/6/2019,17,7,95,91
321,54,12/4/2009,9/17/2021,16,8,82,78
322,54,3/6/2003,2/26/2011,21,2,91,88
323,54,9/23/2005,8/28/2017,23,2,90,95
324,54,2/10/2001,7/31/2014,16,5,91,96
325,55,2/24/2005,11/13/2020,18,2,84,88
326,55,6/30/2007,7/22/2013,16,4,78,82
327,55,8/7/2009,6/29/2012,20,3,79,84
328,55,7/1/2000,4/26/2024,19,3,78,78
329,55,2/13/1998,9/1/2020,20,4,78,77
330,55,9/27/2008,11/3/2016,15,5,75,79
331,56,11/25/2015,3/27/2019,12,1,70,69
332,56,9/1/2003,6/6/2011,12,3,76,71
333,56,11/16/2006,11/19/2012,10,2,77,73
334,56,8/22/2004,3/25/2018,10,1,67,70
335,56,10/7/2010,4/29/2014,11,4,78,80
336,56,12/20/2000,12/5/2025,13,2,76,75
337,57,5/26/2009,12/19/2018,17,6,77,72
338,57,12/9/2015,8/23/2014,14,3,76,81
339,57,2/21/2012,4/17/2019,13,4,89,94
340,57,3/25/2014,1/11/2024,18,5,89,90
341,57,1/14/2011,8/29/2016,16,3,78,78
342,57,7/14/2003,5/5/2025,18,2,84,89
343,58,5/13/2002,8/14/2014,25,6,95,98
344,58,10/20/2008,11/23/2021,25,4,81,79
345,58,7/28/1999,1/5/2016,21,6,81,76
346,58,6/12/1999,7/18/2011,18,4,86,83
347,58,8/21/1999,4/1/2013,19,4,90,86
348,58,11/21/2005,7/16/2021,15,5,93,90
349,59,1/16/2005,12/24/2020,14,5,82,85
350,59,8/20/1999,12/19/2024,20,4,77,78
351,59,4/10/2012,10/25/2011,12,5,75,77
352,59,9/27/2009,8/25/2019,13,4,88,92
353,59,10/4/2002,2/9/2017,18,5,84,80
354,59,9/30/1997,4/17/2011,18,2,85,82
355,60,4/23/2005,5/7/2020,15,3,67,68
356,60,3/15/2014,5/2/2015,9,2,78,82
357,60,10/7/1999,9/29/2014,14,5,67,68
358,60,7/26/2006,3/24/2018,12,3,72,72
359,60,11/24/2011,9/27/2016,10,1,68,71
360,60,1/10/2006,12/23/2021,11,3,76,81
361,61,11/14/2007,2/18/2019,17,3,83,80
362,61,4/7/2014,1/23/2017,19,3,85,89
363,61,4/22/1998,6/8/2022,17,8,82,79
364,61,7/7/1999,3/21/2010,25,5,94,98
365,61,11/7/2007,1/9/2020,24,5,90,95
366,61,8/20/1996,2/5/2019,20,3,94,90
367,62,8/17/2013,9/11/2012,15,4,74,73
368,62,3/16/2009,8/25/2021,8,3,67,66
369,62,1/30/2002,9/20/2014,15,4,66,61
370,62,10/17/1998,8/30/2015,13,3,67,72
371,62,3/4/1996,9/10/2012,9,5,77,79
372,62,1/19/2010,10/8/2025,8,4,71,71
373,63,6/14/2004,9/20/2011,24,5,84,79
374,63,10/16/2003,3/11/2024,22,2,90,86
375,63,5/26/2013,1/2/2011,23,7,85,80
376,63,5/23/2010,5/7/2011,18,7,94,96
377,63,4/3/2008,10/3/2014,23,6,85,85
378,63,5/4/1999,7/19/2021,20,4,92,93
379,64,11/11/2015,9/12/2011,20,7,81,86
380,64,3/26/2002,4/22/2012,25,4,82,82
381,64,11/24/1999,4/30/2018,16,6,92,91
382,64,2/14/2010,8/22/2017,19,7,84,84
383,64,8/20/1998,6/28/2023,16,6,84,84
384,64,12/16/2011,11/18/2021,19,7,92,89
385,65,1/15/1996,8/30/2018,24,7,82,81
386,65,5/21/1997,4/18/2012,23,5,90,87
387,65,2/25/2009,9/21/2021,25,7,82,87
388,65,7/24/2011,6/15/2013,25,5,91,86
389,65,2/1/2009,11/1/2013,20,4,85,83
390,65,7/19/2015,10/3/2021,20,8,95,93
391,66,11/11/2000,10/3/2024,18,3,84,80
392,66,5/5/2012,6/29/2016,19,8,83,86
393,66,12/14/1998,6/30/2018,23,8,81,86
394,66,5/24/2003,2/8/2012,20,8,84,88
395,66,1/14/2012,9/18/2023,21,3,85,82
396,66,4/18/2002,7/30/2023,24,8,85,87
397,67,6/9/2004,2/17/2011,8,4,76,81
398,67,8/13/2006,10/11/2018,11,4,74,76
399,67,8/21/2008,1/25/2021,11,5,72,71
400,67,10/12/2012,6/18/2017,15,2,76,81
401,67,3/6/2010,5/3/2016,15,4,74,75
402,67,5/1/2008,3/24/2019,14,2,71,75
403,68,11/16/1999,7/30/2011,14,4,76,81
404,68,3/5/2003,7/3/2021,19,4,78,81
405,68,10/11/1998,6/12/2012,13,4,77,74
406,68,9/19/1996,2/12/2017,16,5,79,80
407,68,2/26/2013,10/1/2020,13,3,89,89
408,68,7/28/1996,4/17/2012,12,5,76,77
409,69,5/21/1999,10/22/2012,20,4,82,83
410,69,6/27/2005,12/5/2015,13,4,82,77
411,69,5/19/2000,4/18/2014,17,2,85,82
412,69,9/9/2005,7/31/2025,14,2,84,86
413,69,1/22/2001,2/17/2015,14,5,89,93
414,69,3/16/2010,8/18/2013,12,2,75,74
415,70,2/6/2006,10/19/2015,11,2,78,74
416,70,11/24/2006,4/8/2020,12,2,74,70
417,70,1/31/2014,11/7/2010,8,2,78,83
418,70,1/25/2012,3/19/2010,15,1,68,70
419,70,5/3/2009,11/4/2022,8,5,72,69
420,70,4/25/2005,2/9/2024,12,4,65,69
421,71,12/19/2000,7/18/2010,13,2,78,75
422,71,1/22/2003,2/4/2018,9,5,76,72
423,71,4/29/1996,9/6/2018,8,4,80,75
424,71,6/25/2006,10/19/2025,14,3,73,68
425,71,8/15/2014,4/12/2021,13,1,76,74
426,71,9/30/2000,1/26/2022,9,5,75,72
427,72,1/23/2014,1/6/2016,12,4,85,90
428,72,4/25/1997,6/1/2023,14,5,90,95
429,72,1/22/2008,4/6/2015,14,3,77,79
430,72,2/1/2001,4/16/2018,12,4,81,76
431,72,3/15/2002,6/20/2012,15,2,85,84
432,72,8/17/1996,2/23/2018,20,5,90,89
433,73,6/13/2006,2/19/2024,15,8,86,85
434,73,8/31/2013,3/11/2013,20,8,81,86
435,73,10/19/2001,3/20/2022,20,4,83,83
436,73,1/30/1997,1/20/2010,21,5,94,95
437,73,7/3/2013,1/1/2020,20,3,95,97
438,73,11/19/2011,4/2/2017,20,8,88,84
439,74,3/15/2004,4/16/2011,14,1,78,82
440,74,4/18/1999,10/30/2020,10,5,74,74
441,74,8/6/2001,7/11/2025,9,1,75,80
442,74,4/21/2005,2/14/2014,12,3,79,83
443,74,7/15/1996,1/8/2024,14,2,79,79
444,74,4/3/1997,12/26/2015,15,1,76,80
445,75,11/6/2004,6/6/2011,14,3,66,62
446,75,4/13/2006,11/29/2013,14,3,70,65
447,75,8/6/1998,10/11/2010,10,5,79,74
448,75,8/14/2002,4/17/2024,10,1,72,77
449,75,2/10/2010,10/22/2018,13,3,77,81
450,75,8/18/1999,5/30/2017,8,5,69,74
451,76,11/17/2012,2/6/2014,22,4,91,93
452,76,9/3/2008,2/12/2010,16,6,84,87
453,76,4/29/2009,9/23/2013,20,5,90,95
454,76,6/3/2009,9/25/2011,19,3,83,78
455,76,4/2/2011,5/27/2021,17,5,92,95
456,76,4/1/2010,2/21/2011,16,4,88,90
457,77,1/20/2012,4/16/2013,15,6,84,86
458,77,7/15/2013,12/17/2022,15,2,79,75
459,77,5/17/1999,11/20/2015,19,3,89,85
460,77,2/20/1998,8/21/2020,17,4,77,80
461,77,12/24/2002,8/20/2012,20,4,84,81
462,77,5/11/2005,5/2/2017,14,4,82,78
463,78,6/23/1997,3/13/2017,15,3,82,84
464,78,1/29/2002,9/18/2021,12,4,86,88
465,78,10/10/2011,10/12/2010,20,3,77,73
466,78,7/14/2014,9/16/2021,16,5,90,93
467,78,4/23/2009,3/15/2021,18,5,77,74
468,78,1/10/2002,9/17/2013,17,2,89,91
469,79,1/29/2005,5/1/2021,13,2,70,67
470,79,5/14/2006,10/6/2021,14,5,66,62
471,79,8/27/2005,12/28/2014,10,3,70,67
472,79,12/11/2015,8/3/2015,13,2,76,79
473,79,3/25/2007,11/5/2016,12,1,73,71
474,79,10/1/2013,3/13/2024,12,2,74,78
475,80,10/9/2004,12/31/2016,23,2,85,89
476,80,12/7/2007,9/22/2016,24,3,85,90
477,80,4/16/2014,4/9/2021,24,7,90,94
478,80,6/28/2001,7/23/2016,15,8,80,76
479,80,9/17/2001,8/28/2021,15,7,88,93
480,80,10/29/2009,8/30/2016,18,8,93,97
481,81,9/8/1998,2/11/2012,8,4,74,79
482,81,10/12/2003,12/13/2015,12,4,72,77
483,81,6/8/2000,10/2/2017,14,3,79,75
484,81,10/19/2005,10/17/2023,8,2,79,80
485,81,3/20/2009,5/15/2018,15,4,71,71
486,81,3/23/2013,7/21/2016,10,3,75,75
487,82,11/8/2007,11/4/2012,18,3,86,89
488,82,2/26/2009,3/4/2017,20,2,85,83
489,82,12/28/2003,12/22/2025,19,2,83,85
490,82,4/26/1996,5/15/2022,15,3,78,73
491,82,5/2/1998,12/11/2024,16,5,88,86
492,82,10/12/2001,8/19/2018,14,4,85,83
493,83,1/27/2015,12/26/2022,10,4,79,81
494,83,10/9/2009,11/26/2014,12,4,65,61
495,83,8/22/1996,11/3/2010,14,5,79,77
496,83,8/10/2001,10/23/2017,11,5,76,71
497,83,6/8/1997,7/4/2025,8,3,80,84
498,83,7/2/2000,5/28/2024,15,3,65,61
499,84,5/31/2002,2/10/2022,18,3,83,83
500,84,3/24/2002,9/26/2015,18,4,76,77
501,84,6/2/2011,12/20/2012,12,6,81,81
502,84,3/14/2006,5/3/2020,20,4,77,78
503,84,4/29/1999,9/22/2025,20,5,83,87
504,84,1/27/1998,1/18/2017,13,3,78,79
505,85,8/24/2015,2/12/2013,20,8,90,93
506,85,11/3/2009,6/13/2025,20,8,84,82
507,85,3/29/2008,1/14/2019,24,6,92,95
508,85,11/28/1999,5/15/2013,15,2,81,78
509,85,4/5/2001,6/8/2017,20,8,95,98
510,85,10/13/2005,4/14/2025,22,3,84,84
511,86,9/11/2002,5/15/2019,13,2,77,81
512,86,7/31/2004,6/2/2024,12,5,75,78
513,86,7/16/1997,6/2/2016,15,5,74,76
514,86,5/15/2015,3/29/2024,8,3,75,80
515,86,11/10/2011,4/26/2012,9,4,74,79
516,86,6/29/1998,2/27/2016,8,5,80,79
517,87,10/15/2003,12/26/2022,25,8,87,82
518,87,7/2/1997,9/9/2010,24,5,85,88
519,87,6/19/2005,12/8/2015,25,7,92,89
520,87,9/6/2004,10/9/2010,25,3,81,85
521,87,1/12/2013,8/1/2013,16,3,80,82
522,87,5/17/1997,9/2/2024,20,5,84,85
523,88,8/21/2010,8/6/2015,11,4,80,75
524,88,8/23/2012,10/24/2025,10,5,71,74
525,88,1/18/2014,12/3/2011,13,4,77,77
526,88,12/5/2007,3/14/2010,10,4,75,78
527,88,5/31/2001,2/5/2025,13,3,80,78
528,88,4/17/2010,12/31/2011,11,3,74,72
529,89,5/10/2004,4/8/2011,16,4,81,83
530,89,7/17/2002,3/24/2010,17,5,86,89
531,89,6/12/2014,8/25/2025,16,4,78,82
532,89,12/28/2006,3/19/2017,20,5,87,87
533,89,10/5/1998,4/21/2021,14,4,76,75
534,89,6/23/1999,12/12/2019,13,4,89,94
535,90,6/12/1997,1/30/2020,16,5,81,79
536,90,3/20/2007,10/9/2021,20,4,83,80
537,90,5/9/2009,10/4/2024,13,6,82,80
538,90,11/19/1997,7/20/2010,12,6,82,87
539,90,6/15/2008,10/12/2016,15,2,78,79
540,90,9/25/2014,1/29/2014,17,5,78,83
541,91,12/4/2013,5/15/2012,14,2,80,81
542,91,8/2/2011,7/7/2020,19,5,81,80
543,91,1/7/2015,4/12/2021,17,4,76,72
544,91,8/4/2015,11/21/2013,15,6,76,73
545,91,2/25/2007,1/23/2024,18,3,76,77
546,91,1/21/1999,11/14/2018,19,3,84,79
547,92,7/5/2014,3/6/2016,12,4,78,78
548,92,8/3/2006,5/16/2013,16,5,90,87
549,92,1/20/2008,4/17/2025,20,5,83,81
550,92,11/8/2006,6/17/2013,13,4,80,82
551,92,11/12/2012,10/1/2022,16,3,75,75
552,92,3/4/2007,5/21/2010,16,6,81,78
553,93,2/13/2004,8/19/2013,14,4,75,71
554,93,7/21/1997,3/7/2014,14,1,70,67
555,93,4/18/2002,5/6/2013,15,3,72,67
556,93,4/8/2012,5/20/2020,12,4,72,74
557,93,4/5/2015,2/15/2012,12,3,74,78
558,93,8/11/2011,3/9/2015,8,3,76,74
559,94,11/8/1999,10/9/2015,12,2,89,88
560,94,6/15/2002,9/18/2012,14,5,84,80
561,94,9/19/2011,5/8/2012,16,4,82,80
562,94,8/6/2002,6/28/2019,14,5,79,81
563,94,10/6/2008,11/20/2020,17,5,90,93
564,94,5/21/2003,3/29/2024,15,3,77,80
565,95,1/23/2013,3/8/2013,19,6,86,82
566,95,7/31/2001,3/24/2021,13,2,81,85
567,95,11/13/2010,3/19/2023,20,3,80,80
568,95,12/13/2014,10/27/2021,20,5,78,83
569,95,12/30/2011,8/2/2013,15,6,90,86
570,95,11/24/1998,5/13/2010,20,5,76,78
571,96,7/17/2009,2/4/2011,10,5,78,80
572,96,11/24/1998,1/8/2015,8,5,79,84
573,96,10/25/1999,1/7/2017,12,1,77,76
574,96,3/24/1998,2/10/2025,8,2,67,62
575,96,5/14/2005,8/8/2013,14,3,67,70
576,96,7/19/1996,1/15/2020,8,1,80,75
577,97,3/8/2007,2/2/2022,12,4,70,67
578,97,10/15/2000,10/29/2020,14,3,77,79
579,97,2/22/2002,12/15/2011,14,4,67,72
580,97,10/23/1997,2/22/2015,10,3,68,65
581,97,8/3/2005,5/23/2014,14,5,69,67
582,97,1/4/2006,10/1/2015,8,1,74,76
583,98,12/9/2011,6/8/2012,25,7,93,96
584,98,4/2/1999,6/18/2019,21,8,87,85
585,98,2/21/2002,10/17/2010,22,4,84,83
586,98,9/19/1996,11/2/2015,18,7,83,78
587,98,12/22/1997,6/14/2020,25,5,80,78
588,98,7/20/2003,6/28/2023,18,2,83,87
589,99,5/3/2001,4/10/2010,8,4,66,64
590,99,6/13/2010,9/2/2011,8,4,79,77
591,99,5/27/1999,4/29/2015,11,1,69,72
592,99,11/26/2015,4/26/2011,12,2,75,79
593,99,9/7/1998,9/19/2022,13,2,74,71
594,99,6/5/2012,8/28/2022,11,4,74,73
595,100,6/3/2005,11/29/2025,15,6,85,90
596,100,7/15/1997,11/23/2015,25,5,95,90
597,100,3/16/2002,4/20/2013,20,7,92,95
598,100,2/8/1996,11/1/2016,20,7,93,94
599,100,4/4/2015,11/11/2024,17,4,92,89
600,100,6/26/2015,12/16/2023,23,5,87,85
601,101,4/19/2009,7/19/2014,19,8,84,86
602,101,11/17/2003,6/23/2025,15,6,93,94
603,101,5/17/1997,2/27/2015,23,6,84,85
604,101,12/6/2011,7/11/2024,18,4,86,86
605,101,3/14/2009,1/2/2011,25,2,94,94
606,101,2/19/2005,3/25/2018,16,6,86,81
607,102,9/29/2009,10/1/2017,19,5,81,77
608,102,6/1/1996,11/12/2023,18,8,86,88
609,102,1/4/1999,7/17/2012,18,8,90,89
610,102,6/19/2005,10/31/2018,15,3,86,82
611,102,8/10/2015,1/17/2010,22,3,86,87
612,102,2/14/2009,12/25/2017,18,6,90,89
613,103,8/8/1998,4/3/2022,21,5,91,90
614,103,1/19/1997,4/8/2025,19,4,95,97
615,103,7/12/2010,11/8/2020,16,8,95,95
616,103,3/17/2004,12/25/2022,18,4,90,91
617,103,9/2/1999,1/29/2012,15,6,87,84
618,103,10/20/1997,8/26/2013,15,4,93,92
619,104,6/3/1999,6/23/2011,14,3,85,83
620,104,3/18/1997,11/28/2018,18,6,82,84
621,104,1/8/2005,6/3/2025,20,4,83,85
622,104,5/26/2004,3/31/2020,19,5,80,80
623,104,3/8/2009,2/27/2010,14,3,90,87
624,104,12/27/2013,11/30/2025,20,2,76,72
625,105,5/25/2005,12/20/2018,12,2,88,85
626,105,10/15/2013,3/5/2013,15,2,79,74
627,105,12/30/2004,3/24/2019,15,6,89,89
628,105,8/27/2014,5/31/2017,12,6,90,95
629,105,1/19/2007,2/25/2017,19,2,75,78
630,105,4/18/1998,5/30/2018,20,5,75,70
631,106,10/20/2004,8/25/2016,23,7,88,91
632,106,9/9/1996,6/24/2025,19,2,93,90
633,106,7/14/2003,11/27/2020,16,2,84,82
634,106,10/10/1996,10/22/2017,18,6,88,88
635,106,9/22/2010,10/8/2019,19,8,92,88
636,106,9/20/1996,4/15/2017,20,5,94,98
637,107,3/12/2004,10/5/2010,18,7,87,86
638,107,4/13/2003,6/8/2017,25,8,82,87
639,107,6/23/2009,1/19/2024,25,8,81,77
640,107,8/24/2004,12/9/2018,21,5,92,95
641,107,11/11/2014,11/25/2018,22,2,80,77
642,107,9/22/1998,8/16/2016,16,5,93,98
643,108,3/28/1997,9/10/2024,20,6,83,86
644,108,4/19/1996,3/20/2016,15,3,86,90
645,108,12/17/2005,3/1/2019,22,4,81,77
646,108,8/31/2005,6/17/2013,25,4,81,78
647,108,8/29/2007,1/11/2012,20,2,86,90
648,108,12/8/2007,6/9/2019,17,8,92,88
649,109,10/16/2008,6/20/2010,19,3,87,91
650,109,4/9/2013,2/2/2022,21,7,90,91
651,109,5/9/2003,8/16/2023,17,8,82,85
652,109,7/18/2014,11/7/2021,20,2,83,84
653,109,4/20/2007,3/31/2017,18,8,82,82
654,109,9/9/2015,7/14/2024,24,8,92,92
655,110,12/9/2001,10/1/2021,8,3,79,81
656,110,9/26/2000,11/22/2013,11,3,77,78
657,110,7/25/2012,6/7/2022,10,5,77,73
658,110,11/2/2004,10/3/2025,12,2,67,63
659,110,1/23/2005,1/13/2022,12,2,77,82
660,110,6/22/2002,1/12/2016,10,4,75,75
661,111,11/16/2007,11/2/2018,9,1,65,64
662,111,6/29/1998,5/12/2020,15,3,73,69
663,111,10/31/2015,9/30/2023,10,1,70,71
664,111,6/26/2013,2/24/2015,15,5,78,74
665,111,2/14/2013,7/13/2024,8,1,76,79
666,111,2/22/1996,10/14/2015,9,5,75,76
667,112,6/4/2000,7/15/2025,12,4,88,89
668,112,11/21/2014,11/11/2020,13,6,82,86
669,112,6/27/2006,11/6/2012,20,3,87,84
670,112,10/26/2013,10/21/2012,14,4,84,83
671,112,6/29/2015,2/13/2010,19,3,77,74
672,112,11/6/1997,12/30/2025,18,4,88,87
673,113,4/10/2004,4/20/2016,19,2,86,85
674,113,4/14/2015,2/11/2021,15,5,81,83
675,113,6/1/2010,7/25/2018,13,3,84,79
676,113,12/1/2001,2/22/2018,18,4,87,87
677,113,1/11/2010,6/5/2015,19,4,88,93
678,113,12/1/2001,2/10/2024,14,4,85,89
679,114,2/28/1997,4/20/2024,15,5,85,82
680,114,5/27/2010,8/1/2023,18,4,84,89
681,114,3/26/2012,12/12/2020,19,6,82,82
682,114,10/29/2008,7/5/2022,18,4,87,87
683,114,10/31/2010,12/14/2011,13,6,81,85
684,114,3/9/2011,5/25/2022,20,3,75,77
685,115,2/24/2005,1/11/2010,11,4,74,70
686,115,10/25/1998,7/12/2024,14,4,69,74
687,115,10/15/1997,4/14/2018,12,2,73,78
688,115,9/16/2011,9/6/2025,10,4,77,73
689,115,8/12/2015,10/12/2023,15,5,80,84
690,115,12/7/2003,11/15/2013,14,5,78,81
691,116,11/1/2006,1/8/2012,8,3,67,63
692,116,12/17/2010,7/6/2023,11,3,70,75
693,116,4/13/2014,8/16/2011,8,5,77,77
694,116,9/15/2001,3/29/2022,14,1,65,61
695,116,6/14/2009,7/9/2010,12,2,72,74
696,116,5/18/1996,4/1/2014,13,4,79,84
697,117,1/10/2010,4/10/2024,20,3,86,81
698,117,10/22/2000,5/27/2025,19,2,84,85
699,117,11/27/2004,4/14/2010,13,2,79,79
700,117,11/23/2010,5/8/2022,16,4,89,87
701,117,5/25/2001,8/21/2025,20,5,86,88
702,117,5/22/2008,5/12/2010,13,5,89,89
703,118,11/28/2010,1/5/2023,16,4,81,77
704,118,11/18/2002,5/4/2023,15,8,90,95
705,118,2/25/2013,9/10/2017,16,7,85,83
706,118,5/18/2004,12/1/2017,23,3,85,85
707,118,9/5/2010,12/18/2016,23,5,94,92
708,118,7/4/1999,3/14/2018,21,7,85,82
709,119,5/31/2006,6/20/2011,18,5,75,79
710,119,9/11/2003,5/17/2016,15,5,88,89
711,119,11/12/2011,8/24/2020,12,3,81,80
712,119,6/13/2002,10/9/2015,13,6,78,81
713,119,6/21/2002,5/27/2015,14,4,85,83
714,119,4/23/2011,3/23/2020,19,2,83,88
715,120,5/28/2004,10/6/2010,22,6,90,94
716,120,1/12/2010,8/21/2012,21,6,92,96
717,120,4/13/2011,6/21/2023,16,4,91,93
718,120,2/25/2011,10/7/2022,24,3,89,93
719,120,1/10/2003,8/26/2017,24,2,84,84
720,120,12/30/2000,10/20/2014,16,3,89,85
721,121,8/15/2014,4/2/2013,17,4,84,87
722,121,6/1/2011,5/15/2017,21,5,84,88
723,121,2/23/2010,9/3/2021,21,5,85,87
724,121,3/30/2003,5/27/2024,25,6,85,88
725,121,10/6/2013,1/20/2011,17,5,89,86
726,121,2/23/2013,6/16/2010,17,4,94,98
727,122,11/20/2009,1/7/2016,12,4,75,77
728,122,3/4/2009,3/30/2012,14,3,87,90
729,122,4/27/2012,7/8/2018,20,5,88,93
730,122,10/23/2004,5/29/2022,19,5,89,91
731,122,12/27/2010,5/24/2024,14,2,75,73
732,122,6/28/2005,3/30/2016,16,2,83,81
733,123,3/12/2009,10/6/2020,12,2,79,83
734,123,1/1/2008,3/26/2013,15,5,68,72
735,123,2/7/2006,9/20/2021,9,3,76,79
736,123,3/3/2015,1/20/2018,8,4,71,72
737,123,10/26/2006,7/9/2022,9,2,74,69
738,123,11/19/2005,3/11/2013,15,3,76,72
739,124,5/17/1996,9/28/2015,19,2,82,80
740,124,1/8/2002,8/5/2018,17,6,88,85
741,124,7/31/2005,2/6/2017,14,3,81,76
742,124,10/18/1997,9/28/2018,17,6,83,87
743,124,8/28/2013,4/7/2021,20,3,85,84
744,124,8/17/2014,1/21/2025,16,6,83,86
745,125,7/26/2001,5/20/2024,13,3,88,83
746,125,3/12/2013,12/12/2014,16,3,79,77
747,125,5/5/2015,10/2/2016,14,4,82,87
748,125,9/11/1997,6/30/2016,18,5,79,83
749,125,3/11/2006,3/30/2016,16,5,87,89
750,125,12/30/2014,5/20/2024,13,2,87,90
751,126,9/13/1996,7/17/2022,19,7,91,93
752,126,10/16/2014,11/12/2013,22,4,80,76
753,126,5/4/2009,12/5/2013,22,7,91,87
754,126,12/8/1998,8/15/2011,23,5,86,87
755,126,3/8/1999,10/3/2019,18,5,88,88
756,126,2/8/2014,12/14/2015,19,4,84,88
757,127,8/14/1999,4/5/2013,19,4,76,71
758,127,9/11/2006,10/5/2018,13,5,75,71
759,127,10/9/2013,1/31/2021,14,5,89,84
760,127,4/18/2000,10/27/2025,18,3,79,84
761,127,1/12/2011,8/20/2019,16,3,83,79
762,127,12/26/2012,8/3/2018,17,4,77,77
763,128,9/6/2007,3/1/2016,14,2,87,92
764,128,11/22/2003,6/7/2022,16,3,88,93
765,128,6/19/1999,12/28/2014,13,2,75,73
766,128,12/10/2014,1/13/2011,19,2,79,83
767,128,8/15/2015,8/30/2020,15,6,89,84
768,128,11/11/2013,1/8/2020,12,4,78,79
769,129,8/27/2008,10/6/2017,14,5,77,75
770,129,3/18/2015,5/31/2023,18,2,78,74
771,129,5/8/2005,4/14/2020,17,4,84,81
772,129,1/6/1999,12/29/2020,18,3,79,75
773,129,5/10/2011,5/15/2022,20,6,75,79
774,129,4/15/2006,5/6/2025,14,5,86,84
775,130,1/3/2007,12/22/2011,10,4,79,77
776,130,10/19/2008,3/26/2012,9,1,69,65
777,130,7/28/2013,4/13/2024,14,3,78,78
778,130,4/27/2001,3/20/2017,10,2,73,78
779,130,8/13/2008,9/24/2017,9,2,74,69
780,130,3/25/2006,11/8/2010,12,2,71,72
781,131,6/12/2003,6/21/2012,16,2,82,84
782,131,7/25/2010,4/26/2020,18,2,82,84
783,131,7/12/2006,4/16/2015,13,6,75,75
784,131,5/11/2015,8/30/2023,17,3,87,91
785,131,2/21/2007,11/9/2021,18,4,80,82
786,131,5/8/2011,10/11/2012,13,2,77,72
787,132,7/3/2014,2/12/2019,16,3,76,71
788,132,1/1/2003,7/6/2018,18,6,84,89
789,132,1/25/1997,4/27/2025,20,5,88,89
790,132,6/19/1998,2/9/2014,13,6,79,78
791,132,2/3/2001,7/30/2010,13,4,77,80
792,132,11/9/2001,5/6/2023,15,3,85,86
793,133,5/7/2007,4/19/2013,13,4,88,86
794,133,11/23/2015,3/5/2012,12,3,77,78
795,133,2/15/2006,9/19/2022,13,5,76,75
796,133,4/2/2000,9/30/2018,14,2,75,72
797,133,10/3/2011,4/18/2011,12,3,90,90
798,133,4/27/2006,3/11/2013,20,6,83,80
799,134,4/6/2002,9/22/2022,17,3,83,79
800,134,7/30/2014,4/11/2020,12,4,88,87
801,134,10/22/2010,8/24/2021,20,2,83,87
802,134,4/14/2013,7/7/2010,13,5,89,92
803,134,1/25/2011,5/20/2025,17,2,90,94
804,134,1/30/2009,9/28/2013,14,4,80,79
805,135,4/20/2005,2/5/2010,13,6,78,76
806,135,5/17/1997,8/15/2020,20,2,76,71
807,135,10/25/2009,5/30/2018,15,2,90,90
808,135,4/21/1997,4/9/2012,18,3,80,75
809,135,7/31/2008,2/4/2011,20,5,82,82
810,135,8/23/2003,8/5/2018,15,5,85,84
811,136,10/18/1997,3/12/2014,13,6,86,82
812,136,11/11/2015,7/23/2012,20,2,80,78
813,136,6/2/2000,9/10/2023,20,2,87,83
814,136,12/11/2005,7/4/2016,19,4,84,84
815,136,10/9/2014,9/15/2015,13,6,89,84
816,136,6/25/2000,9/23/2015,17,3,84,88
817,137,8/17/2015,9/27/2020,12,5,72,74
818,137,2/22/1998,9/19/2016,13,5,80,78
819,137,5/27/2004,2/1/2014,11,2,65,66
820,137,12/30/2015,5/29/2018,8,2,76,81
821,137,10/27/1999,9/14/2024,8,3,65,70
822,137,10/20/2015,6/15/2014,14,3,68,66
823,138,5/28/2009,1/21/2022,11,4,80,75
824,138,1/12/2015,11/3/2014,10,3,67,62
825,138,1/27/2014,7/13/2018,11,5,78,78
826,138,10/4/2000,7/17/2015,15,1,68,71
827,138,7/1/2005,11/4/2011,10,4,67,71
828,138,6/1/1999,7/21/2012,8,4,69,67
829,139,8/15/2011,9/27/2023,12,3,75,76
830,139,7/6/2001,5/14/2020,13,3,79,78
831,139,10/13/2006,8/25/2016,11,1,71,68
832,139,9/3/2002,7/24/2010,9,2,68,65
833,139,11/21/1999,12/24/2020,15,4,75,76
834,139,8/5/2008,7/14/2023,9,5,76,74
835,140,5/15/2004,3/17/2012,19,4,89,88
836,140,10/21/2008,1/10/2013,13,2,80,85
837,140,7/4/2001,9/21/2018,16,6,76,74
838,140,9/24/2009,2/14/2013,17,3,77,75
839,140,6/12/1996,1/1/2025,17,5,76,81
840,140,3/2/2014,7/12/2012,16,4,80,75
841,141,2/14/2012,1/19/2019,21,8,94,97
842,141,8/21/2014,10/11/2017,23,3,83,85
843,141,5/16/2005,8/23/2020,16,8,84,80
844,141,11/18/2004,10/16/2013,15,2,87,84
845,141,5/15/2015,11/28/2016,18,8,92,92
846,141,8/16/2003,4/9/2020,25,7,82,86
847,142,8/17/2005,10/26/2016,24,4,82,77
848,142,6/12/2012,2/12/2010,16,3,94,91
849,142,5/4/2001,9/4/2023,16,8,90,86
850,142,1/24/2007,1/9/2025,15,5,81,78
851,142,9/1/2013,10/22/2013,24,5,92,94
852,142,8/7/1997,11/23/2020,15,5,93,90
853,143,1/4/1999,10/13/2016,13,2,70,69
854,143,1/21/1998,3/25/2024,12,4,69,64
855,143,3/17/2013,9/23/2019,11,3,80,81
856,143,4/1/2010,8/15/2019,15,1,67,66
857,143,8/7/1996,10/8/2019,14,2,78,76
858,143,8/21/2014,10/13/2010,11,5,65,66
859,144,11/14/2012,11/22/2019,20,5,95,95
860,144,7/23/2010,2/20/2018,24,6,90,91
861,144,12/30/2003,10/30/2017,19,3,80,80
862,144,12/10/1997,1/17/2010,24,3,80,79
863,144,2/11/1999,5/29/2022,15,8,95,98
864,144,11/14/1999,1/28/2025,20,8,87,84
865,145,4/13/2007,6/5/2010,16,3,87,86
866,145,8/14/1999,1/24/2013,23,8,81,79
867,145,8/30/1998,6/23/2016,24,8,92,92
868,145,11/21/2008,10/11/2017,17,3,87,91
869,145,10/12/2014,6/26/2020,20,8,91,95
870,145,3/3/2003,12/16/2011,15,7,91,95
871,146,10/17/2007,1/10/2013,24,3,86,88
872,146,11/16/2011,1/5/2013,23,4,85,87
873,146,1/7/2015,5/4/2012,15,2,81,79
874,146,8/6/2013,2/4/2022,24,3,80,83
875,146,3/2/2013,8/21/2011,22,2,90,94
876,146,8/7/2001,4/13/2016,18,8,84,84
877,147,5/25/2004,11/3/2019,14,4,76,71
878,147,2/16/2013,4/2/2022,14,6,79,75
879,147,4/22/2015,11/8/2010,20,4,77,77
880,147,3/18/2001,4/5/2017,18,6,78,78
881,147,7/23/1997,6/7/2025,16,4,79,76
882,147,3/22/2005,5/13/2011,18,5,85,82
883,148,12/19/2009,1/24/2016,23,7,91,89
884,148,1/20/2015,6/6/2018,25,6,85,86
885,148,1/14/2010,5/27/2022,19,7,89,86
886,148,9/24/2001,10/24/2021,17,7,80,84
887,148,5/7/2000,4/12/2019,21,8,81,78
888,148,2/27/2013,4/11/2022,24,4,87,92
889,149,11/29/2009,5/20/2010,13,5,79,79
890,149,2/23/2002,12/23/2024,13,3,86,86
891,149,2/1/2002,8/14/2024,14,2,85,87
892,149,11/19/2002,10/4/2014,12,4,81,79
893,149,5/12/1996,3/18/2025,13,4,83,79
894,149,12/27/2002,1/7/2025,12,2,87,89
895,150,3/23/1999,12/7/2012,18,3,88,90
896,150,8/30/2013,6/30/2022,18,4,87,83
897,150,6/25/2012,5/31/2015,19,6,82,79
898,150,11/10/2004,5/17/2023,19,2,76,75
899,150,2/24/2009,8/25/2013,12,4,83,79
900,150,5/26/1996,6/16/2014,13,4,80,81
901,151,11/16/2000,5/27/2020,17,7,82,85
902,151,4/9/2012,2/3/2021,16,4,95,90
903,151,4/5/2003,1/30/2011,21,7,85,89
904,151,5/18/2011,3/26/2021,21,3,81,77
905,151,8/26/2001,6/21/2021,20,3,86,87
906,151,7/15/2009,4/19/2013,23,7,88,93
907,152,3/2/2011,11/19/2013,16,4,82,78
908,152,10/14/1997,12/25/2012,12,5,90,87
909,152,11/8/2000,5/24/2019,12,4,75,76
910,152,7/23/2014,11/8/2024,13,4,90,88
911,152,3/1/2004,7/14/2016,13,2,81,78
912,152,2/14/2003,9/24/2023,16,2,90,86
913,153,6/26/2007,10/21/2020,12,4,80,82
914,153,7/20/1996,7/17/2023,12,1,77,74
915,153,8/11/2002,10/9/2011,13,4,76,73
916,153,5/31/2005,1/16/2010,15,1,73,75
917,153,3/23/2003,8/3/2010,15,3,72,71
918,153,10/10/2015,5/23/2011,8,2,68,64
919,154,6/22/2013,6/18/2025,17,6,88,92
920,154,8/26/2009,1/23/2013,15,6,76,77
921,154,1/24/2005,1/29/2010,20,5,90,94
922,154,7/10/2001,12/11/2017,15,5,84,80
923,154,7/25/2007,9/6/2025,18,2,79,75
924,154,6/7/2001,1/6/2020,19,3,80,78
925,155,6/12/2007,12/24/2017,11,2,66,67
926,155,8/19/2013,4/27/2018,9,4,71,76
927,155,6/20/1999,3/6/2011,10,5,73,73
928,155,11/4/1998,5/30/2014,9,1,77,80
929,155,4/24/2005,5/2/2010,14,5,75,74
930,155,2/10/2000,8/23/2017,15,1,78,74
931,156,9/26/1998,7/23/2012,14,2,69,73
932,156,2/7/2013,3/19/2010,9,1,68,67
933,156,9/24/2008,3/21/2015,13,4,73,74
934,156,10/7/2014,1/19/2018,15,5,80,75
935,156,10/21/2000,4/26/2022,10,3,77,74
936,156,11/11/2015,2/25/2025,14,1,77,77
937,157,1/9/2006,2/14/2020,18,2,95,94
938,157,11/19/2006,9/2/2013,20,2,90,89
939,157,8/15/2015,5/15/2017,19,4,95,100
940,157,7/7/2012,5/25/2019,16,8,87,84
941,157,8/26/1999,12/29/2010,19,7,94,94
942,157,4/28/1999,8/30/2011,19,7,93,97
943,158,10/5/2010,9/4/2022,25,2,86,88
944,158,6/2/1996,8/23/2023,18,8,93,95
945,158,8/25/2003,8/31/2010,23,8,91,86
946,158,7/28/2010,7/17/2018,23,8,85,81
947,158,1/29/2000,8/14/2010,19,7,92,89
948,158,6/2/2015,8/7/2016,23,6,80,77
949,159,12/17/2009,1/26/2021,15,3,76,74
950,159,3/21/2007,12/31/2017,12,5,76,76
951,159,3/9/2010,3/9/2023,15,4,86,88
952,159,8/13/2008,3/25/2016,20,5,78,83
953,159,12/15/2009,3/12/2023,12,3,86,88
954,159,9/28/2013,1/27/2012,19,3,90,94
955,160,1/31/2010,7/1/2013,23,4,91,88
956,160,1/12/2001,12/26/2010,19,7,82,81
957,160,2/6/1999,9/30/2020,15,5,81,78
958,160,10/26/2001,5/31/2012,24,8,86,84
959,160,1/9/2003,1/26/2015,25,3,86,85
960,160,5/20/2006,5/25/2013,25,5,80,85
961,161,12/3/2003,1/27/2020,12,5,79,84
962,161,1/1/2009,7/20/2022,14,6,75,73
963,161,5/8/2015,4/16/2012,16,6,84,89
964,161,1/7/2003,10/11/2022,16,5,87,87
965,161,3/20/2015,3/1/2013,19,4,81,83
966,161,11/11/1998,5/8/2019,16,6,87,91
967,162,2/10/2010,9/25/2012,16,2,91,94
968,162,5/25/2002,5/26/2018,25,6,89,88
969,162,8/21/2007,5/11/2025,25,2,95,91
970,162,4/17/2009,5/20/2017,20,4,90,89
971,162,6/11/2004,10/26/2020,19,7,89,87
972,162,3/26/2003,2/6/2010,17,6,87,82
973,163,5/30/2014,1/11/2025,24,5,90,95
974,163,5/28/2006,2/27/2012,17,7,80,85
975,163,11/4/2009,11/26/2010,22,4,88,89
976,163,3/21/2000,8/2/2011,21,5,81,85
977,163,4/26/2015,6/4/2014,24,8,86,86
978,163,5/23/1997,1/18/2025,18,7,95,100
979,164,9/13/2007,5/26/2013,17,6,84,81
980,164,12/16/2015,11/14/2025,20,3,84,80
981,164,12/6/2007,9/4/2019,19,3,83,86
982,164,2/15/2009,3/9/2016,14,4,77,75
983,164,8/28/2003,10/30/2019,17,3,84,85
984,164,6/21/2015,9/14/2010,17,4,83,87
985,165,10/9/1999,11/30/2010,12,4,68,70
986,165,4/9/1996,10/18/2022,8,5,67,69
987,165,6/22/2009,4/12/2015,11,5,68,73
988,165,6/29/1998,8/10/2010,14,5,74,75
989,165,12/2/1998,12/2/2023,8,2,69,67
990,165,8/12/2015,6/12/2025,13,4,79,76
991,166,5/11/2011,8/9/2017,20,8,85,81
992,166,7/15/1999,6/13/2025,22,4,85,85
993,166,2/21/1996,3/15/2015,25,2,80,82
994,166,4/28/2008,10/23/2015,19,3,85,89
995,166,10/31/2006,5/23/2019,17,5,82,79
996,166,1/10/2013,9/27/2013,24,5,93,94
997,167,1/17/2003,5/31/2013,21,5,92,87
998,167,8/7/2002,10/30/2021,15,6,86,86
999,167,2/19/1996,3/10/2023,15,4,86,81
1000,167,7/30/2009,10/24/2015,25,2,87,85
1001,167,12/4/2000,7/16/2014,20,4,84,80
1002,167,10/7/2005,11/7/2018,21,6,89,86
1003,168,10/22/2001,2/26/2016,16,8,81,80
1004,168,7/17/2006,11/2/2013,19,5,90,91
1005,168,4/23/2014,10/21/2011,25,3,90,92
1006,168,9/26/2001,4/20/2023,20,8,86,83
1007,168,5/1/1999,5/14/2018,21,2,87,85
1008,168,4/14/2004,5/17/2014,17,3,80,84
1009,169,2/21/2012,11/2/2018,10,1,76,81
1010,169,8/31/2002,11/2/2011,8,4,73,76
1011,169,11/30/1999,1/6/2010,8,5,66,71
1012,169,2/25/2005,4/4/2024,9,1,66,62
1013,169,10/15/2001,1/27/2021,14,4,77,73
1014,169,5/18/2010,2/21/2013,12,4,69,67
1015,170,3/18/2012,7/1/2022,25,7,80,79
1016,170,4/23/2007,12/23/2010,21,7,83,88
1017,170,9/3/2008,3/27/2020,23,4,84,85
1018,170,4/6/2007,4/29/2011,16,6,83,82
1019,170,6/18/2004,6/6/2022,16,8,83,85
1020,170,12/3/2015,5/15/2025,18,6,86,85
1021,171,12/6/2003,1/3/2018,11,3,78,77
1022,171,5/24/2008,11/9/2021,10,1,80,78
1023,171,3/15/1996,9/22/2016,15,3,72,67
1024,171,6/21/1999,4/8/2023,8,1,68,72
1025,171,6/12/1999,10/12/2013,15,2,67,70
1026,171,6/11/1997,9/28/2017,9,1,73,78
1027,172,6/26/2011,9/9/2021,15,5,84,83
1028,172,2/16/2000,3/25/2017,19,2,78,75
1029,172,1/10/2000,3/12/2019,12,4,86,91
1030,172,4/16/2007,10/4/2017,17,5,78,74
1031,172,9/28/1999,12/13/2024,12,2,79,84
1032,172,3/25/2003,12/12/2013,14,4,86,88
1033,173,7/1/2013,9/20/2022,16,2,86,86
1034,173,7/4/2000,9/15/2015,14,2,87,88
1035,173,11/14/1997,9/20/2021,19,4,87,89
1036,173,12/8/2010,2/25/2017,18,3,78,75
1037,173,12/17/2005,7/25/2019,12,3,78,79
1038,173,6/3/1999,9/25/2021,19,6,89,86
1039,174,5/18/2007,10/3/2014,14,3,65,70
1040,174,5/25/1996,1/27/2022,10,4,80,76
1041,174,11/16/2012,7/2/2012,14,4,66,62
1042,174,9/9/2000,12/13/2023,12,3,65,70
1043,174,10/2/2003,11/26/2011,11,3,68,69
1044,174,8/13/2000,2/21/2020,11,4,76,81
1045,175,1/29/2005,3/11/2024,18,3,76,71
1046,175,1/2/2015,9/16/2021,14,6,90,92
1047,175,8/24/2007,9/21/2019,14,2,90,90
1048,175,5/28/1996,8/14/2023,15,4,83,78
1049,175,3/15/2009,11/23/2013,20,3,87,88
1050,175,4/27/2006,3/2/2022,15,2,89,91
1051,176,4/2/2005,11/4/2017,24,5,82,84
1052,176,1/13/2012,3/18/2018,22,4,83,85
1053,176,10/23/2013,5/1/2010,25,2,83,84
1054,176,7/7/2004,9/15/2019,21,2,80,76
1055,176,4/5/2011,1/16/2012,24,6,89,92
1056,176,8/30/2005,5/28/2023,23,3,94,94
1057,177,6/10/2012,8/19/2013,17,2,82,84
1058,177,9/18/1999,12/8/2013,17,6,90,95
1059,177,1/20/2006,3/30/2012,17,5,78,74
1060,177,3/1/2004,8/1/2022,15,2,85,85
1061,177,9/17/1997,1/22/2014,16,6,86,82
1062,177,3/31/2011,1/10/2019,12,3,90,87
1063,178,9/1/2004,5/31/2025,18,2,83,87
1064,178,1/8/2015,10/30/2013,15,3,78,79
1065,178,11/13/2011,5/14/2010,15,5,81,81
1066,178,10/25/2008,8/20/2011,13,5,76,81
1067,178,12/12/2011,8/23/2010,13,5,89,94
1068,178,5/8/1997,12/10/2017,20,3,90,85
1069,179,1/10/2015,12/5/2024,20,2,88,92
1070,179,11/24/2001,4/26/2016,19,6,80,84
1071,179,10/22/1999,9/23/2018,14,3,78,79
1072,179,1/22/1997,12/16/2018,17,6,87,88
1073,179,3/8/2004,9/6/2021,15,4,87,87
1074,179,10/11/2015,7/10/2013,16,5,79,76
1075,180,1/26/1996,11/23/2012,21,6,89,92
1076,180,4/22/1999,8/8/2012,20,7,86,84
1077,180,1/21/2007,12/17/2021,18,6,89,94
1078,180,11/28/1998,3/30/2023,20,7,84,89
1079,180,9/17/2009,11/20/2010,17,6,90,86
1080,180,8/20/2001,2/16/2020,20,6,95,99
1081,181,6/23/1999,2/11/2016,14,5,74,75
1082,181,12/20/1998,8/5/2024,8,5,68,63
1083,181,8/31/2009,12/7/2021,14,2,66,71
1084,181,4/13/2005,9/15/2024,8,2,73,70
1085,181,2/18/2004,8/9/2014,12,3,69,64
1086,181,4/21/2012,5/29/2021,12,2,66,66
1087,182,1/30/2009,3/6/2018,15,1,72,77
1088,182,4/12/2002,7/19/2024,14,2,74,79
1089,182,12/28/2015,2/25/2023,8,4,77,78
1090,182,1/14/2005,1/28/2016,13,5,66,61
1091,182,8/24/2000,6/11/2015,12,2,79,77
1092,182,3/30/1996,6/16/2014,13,5,71,69
1093,183,1/29/2007,12/12/2010,12,4,70,75
1094,183,11/8/2001,7/28/2022,9,2,70,73
1095,183,8/15/2004,12/29/2022,9,4,66,67
1096,183,2/23/1996,4/11/2013,12,5,73,70
1097,183,12/26/2003,4/25/2020,10,5,73,68
1098,183,6/26/1997,12/25/2011,13,4,69,64
1099,184,8/3/2013,12/6/2022,14,4,76,81
1100,184,3/27/1996,5/21/2019,16,5,86,82
1101,184,10/2/2000,12/24/2023,17,6,82,79
1102,184,4/30/2011,3/3/2017,20,2,80,81
1103,184,2/9/2007,8/11/2011,20,6,87,83
1104,184,11/6/2007,3/22/2020,17,3,81,86
1105,185,1/10/1997,11/10/2012,20,4,91,90
1106,185,5/22/2013,5/17/2015,18,8,95,98
1107,185,7/17/2001,6/3/2023,25,2,83,88
1108,185,5/22/1997,10/12/2025,20,5,87,92
1109,185,2/18/2004,1/9/2025,24,6,87,82
1110,185,2/6/2008,3/30/2015,25,4,92,88
1111,186,6/18/2005,7/15/2013,18,4,84,79
1112,186,5/26/1997,5/27/2018,20,4,89,91
1113,186,10/28/2001,12/16/2023,12,4,81,81
1114,186,3/24/2003,3/29/2025,20,2,78,75
1115,186,10/20/2014,1/8/2019,20,6,75,80
1116,186,3/7/2007,6/14/2018,13,3,81,86
1117,187,10/11/2006,7/16/2014,14,1,71,74
1118,187,8/14/2006,7/9/2016,14,1,69,64
1119,187,4/25/1998,1/14/2016,15,3,66,62
1120,187,8/24/1998,6/7/2022,9,1,70,69
1121,187,1/1/2015,12/29/2025,9,5,72,71
1122,187,2/22/2013,7/8/2018,14,4,79,84
1123,188,2/24/2008,10/18/2018,14,4,75,70
1124,188,10/24/2013,11/8/2018,14,1,65,70
1125,188,2/22/2011,7/24/2024,9,5,66,62
1126,188,5/12/1997,9/6/2018,13,5,68,67
1127,188,7/18/2014,7/14/2013,12,5,67,66
1128,188,10/14/2001,9/13/2021,15,4,77,82
1129,189,3/14/2003,7/28/2012,15,5,85,88
1130,189,3/22/2011,5/19/2014,18,3,92,95
1131,189,5/4/2014,4/16/2011,19,7,84,83
1132,189,12/29/2008,10/21/2015,25,8,91,86
1133,189,8/7/2005,9/17/2015,23,8,84,80
1134,189,1/31/2011,11/30/2017,15,2,92,95
1135,190,3/18/2004,8/9/2014,20,2,84,82
1136,190,6/11/1999,2/17/2022,17,3,88,93
1137,190,6/28/2014,4/16/2016,20,3,80,77
1138,190,12/19/2007,2/21/2025,15,6,83,81
1139,190,11/11/2004,5/31/2020,13,3,76,79
1140,190,10/11/2007,8/19/2017,19,6,77,76
1141,191,5/3/1996,8/28/2019,25,2,88,84
1142,191,1/16/1999,1/19/2023,18,7,95,95
1143,191,9/15/2011,4/14/2025,20,3,87,83
1144,191,9/3/2008,12/16/2017,19,6,82,80
1145,191,11/11/1997,7/1/2020,20,5,94,94
1146,191,8/13/2004,12/27/2013,24,7,89,93
1147,192,11/14/2007,8/5/2024,10,5,76,76
1148,192,1/30/2001,6/12/2015,14,2,65,65
1149,192,6/16/2009,5/25/2011,11,2,78,77
1150,192,6/29/2004,7/12/2013,13,2,75,77
1151,192,6/3/2012,4/7/2024,15,4,76,75
1152,192,5/22/2006,2/21/2021,15,5,68,65
1153,193,5/8/2009,5/11/2025,9,3,69,72
1154,193,10/24/2012,7/15/2022,11,3,67,63
1155,193,6/2/1998,11/4/2015,8,5,65,69
1156,193,4/26/2008,6/6/2013,14,5,71,66
1157,193,2/14/1997,6/30/2021,12,5,80,85
1158,193,3/9/2004,5/30/2013,10,3,77,75
1159,194,7/1/2008,7/25/2010,12,2,79,82
1160,194,7/19/2001,10/4/2016,9,4,76,79
1161,194,2/16/1997,6/24/2020,8,2,70,73
1162,194,3/15/2003,9/7/2025,10,4,70,67
1163,194,4/16/2006,11/29/2020,10,4,76,71
1164,194,2/8/1998,10/25/2012,11,4,72,68
1165,195,7/28/2008,3/31/2016,12,3,72,67
1166,195,4/5/2004,8/6/2024,11,5,76,77
1167,195,4/19/2007,1/10/2022,15,4,66,61
1168,195,9/26/1996,5/14/2012,13,1,73,72
1169,195,7/4/2001,5/16/2016,10,4,77,77
1170,195,7/2/2012,3/29/2014,9,5,73,74
1171,196,2/25/1998,8/8/2025,11,5,77,77
1172,196,1/8/2005,12/24/2020,13,4,80,84
1173,196,3/6/2007,11/29/2017,8,5,69,71
1174,196,9/27/2005,3/11/2022,10,2,67,70
1175,196,1/10/2006,11/21/2017,12,2,69,66
1176,196,1/16/2013,10/11/2020,10,3,68,73
1177,197,5/21/1999,1/7/2020,15,5,85,81
1178,197,3/16/2006,12/8/2025,19,5,90,88
1179,197,1/29/2000,1/30/2017,14,5,75,73
1180,197,8/14/2001,10/24/2022,12,3,80,77
1181,197,8/1/2000,10/18/2012,20,2,79,74
1182,197,5/19/2012,11/29/2023,14,4,80,83
1183,198,11/15/2000,1/6/2020,21,6,80,85
1184,198,5/26/2011,2/6/2024,19,2,86,88
1185,198,1/26/2009,6/3/2017,24,5,95,92
1186,198,4/19/2003,3/12/2015,18,8,93,97
1187,198,5/7/2001,11/22/2018,17,8,85,89
1188,198,2/7/2003,11/2/2019,25,6,88,85
1189,199,11/18/2006,9/11/2023,25,4,94,98
1190,199,7/24/2014,9/22/2017,24,2,87,88
1191,199,12/27/2005,5/19/2017,21,3,83,78
1192,199,2/27/2000,12/20/2013,18,6,93,90
1193,199,6/24/2006,4/17/2020,24,2,85,87
1194,199,10/10/2010,10/29/2023,24,6,81,84
1195,200,7/19/2014,9/28/2019,9,1,80,85
1196,200,10/28/2014,3/27/2014,10,5,65,70
1197,200,3/12/1997,1/24/2020,14,5,78,78
1198,200,9/8/2008,9/29/2015,8,5,78,76
1199,200,3/24/2012,7/8/2013,15,4,76,80
1200,200,4/30/2013,2/25/2010,9,4,69,68
