project_id,customer_id,project_name,start_date,end_date,delivered_date,project_manager,estimated_cost,actual_cost,status
1196,7511,FinanceSyncPro Implementation 14,11/29/2024,11/16/2025,12/8/2025,31,37491.46,39412.61,Completed
820,7512,MarketingCloudPro Implementation 12,6/6/2022,7/19/2022,7/28/2022,42,4627.62,5421.55,In Progress
1912,7513,CustomerManagerPro Implementation 5,3/12/2025,1/5/2026,1/24/2026,19,78077.16,87519.5,Completed
2519,7515,ExpenseCloudPro Implementation 34,3/31/2021,12/30/2021,1/14/2022,3,21783.24,22254.75,Delayed
1087,7517,SalesManager Implementation 29,7/19/2025,3/17/2026,4/7/2026,58,1761.42,1439.29,Planned
99,7518,RevenuePro Implementation 35,3/7/2024,7/18/2024,7/30/2024,68,65198.57,56629.61,Completed
1587,7519,RetailFlow Implementation 6,5/3/2025,10/4/2025,10/28/2025,56,61265.55,57986.93,Delayed
1906,7522,TaskMasterPro Implementation 5,10/11/2020,9/12/2021,9/27/2021,44,51264.53,54448.4,Planned
622,7524,BudgetCloud Implementation 20,10/20/2020,9/10/2021,9/28/2021,1,88562.12,102370.94,Completed
2211,7526,MarketingFlow Implementation 1,5/31/2022,7/17/2022,8/13/2022,67,84451.66,94255.65,In Progress
3255,7527,ProjectCloudPro Implementation 25,2/21/2025,10/9/2025,10/22/2025,99,56324.13,60282.14,In Progress
772,7530,CRM Plus Implementation 15,4/18/2021,6/16/2021,6/24/2021,73,55245.31,58748.6,Completed
412,7538,CRM Cloud Implementation 1,5/10/2020,5/10/2021,5/30/2021,42,64055.82,71083.48,Delayed
235,7540,AnalyticsFlowPro Implementation 25,7/12/2024,5/17/2025,6/14/2025,47,82021.76,97183.27,Delayed
1137,7546,RevenueMax Implementation 21,10/5/2020,4/22/2021,4/26/2021,70,83171.69,78392.53,Delayed
414,7548,SalesManagerPro Implementation 48,6/29/2023,4/24/2024,5/19/2024,46,67510.18,59443.85,Delayed
2402,7552,ProjectPro Implementation 4,3/4/2022,10/23/2022,10/30/2022,53,2493.52,2607.97,Completed
972,7553,FinanceTracker Implementation 34,1/3/2020,3/24/2020,4/8/2020,21,23607.34,19060.84,Delayed
1145,7555,SupportCloudPro Implementation 20,7/9/2023,10/8/2023,11/5/2023,76,81138.41,90251.12,In Progress
3056,7556,ProfitTracker Implementation 30,8/24/2022,3/26/2023,4/4/2023,5,30435.6,26390.91,Delayed
3387,7558,TaskFlowPro Implementation 21,1/8/2023,12/25/2023,1/8/2024,24,57509.58,50214.8,In Progress
318,7560,RetailManager Implementation 44,6/12/2021,8/21/2021,9/10/2021,62,75461.63,87098.53,In Progress
3278,7563,SalesBoost Implementation 3,1/16/2023,8/17/2023,9/2/2023,63,55715.23,66004.4,Planned
1371,7565,FinanceSuite Implementation 4,9/10/2021,2/17/2022,2/18/2022,92,27468.94,30113.57,Completed
1022,7571,RetailCloudPro Implementation 49,9/20/2020,3/10/2021,3/20/2021,31,1282.89,1464.52,Completed
3113,7574,ServiceDesk Implementation 19,10/18/2022,1/13/2023,2/2/2023,54,84628.88,88629.25,In Progress
1931,7579,TaskMasterPro Implementation 29,1/12/2022,6/15/2022,6/29/2022,33,2677.27,3116.7,Completed
2984,7579,ProjectCloud Implementation 31,6/9/2025,5/14/2026,5/21/2026,61,84999.88,87473.34,Completed
1404,7586,ServiceDesk Implementation 21,10/17/2023,4/7/2024,4/20/2024,43,78200.54,72692.78,Delayed
2036,7586,ProfitSuite Implementation 1,4/6/2021,7/9/2021,7/19/2021,6,40729.61,48480.25,In Progress
783,7596,AnalyticsHub Implementation 6,10/12/2023,2/9/2024,2/14/2024,53,16272.95,13262.06,Completed
1756,7600,TeamCloudPro Implementation 3,7/7/2022,3/14/2023,3/29/2023,14,72464.09,74168.5,Delayed
3023,7601,CustomerTrackerPro Implementation 48,11/29/2024,4/30/2025,5/28/2025,24,70570.2,58800.88,Planned
1387,7602,FinanceFlow Implementation 36,4/26/2020,11/21/2020,12/9/2020,100,78062.11,88071.82,Completed
1797,7604,CRM Max Implementation 49,9/20/2020,3/8/2021,4/7/2021,45,83868.88,89397.42,Planned
2820,7606,MarketTrack Implementation 36,2/21/2021,10/6/2021,10/24/2021,34,84285.16,100596.02,Completed
3281,7608,InvoiceFlowPro Implementation 5,1/29/2023,3/13/2023,3/20/2023,61,13457.76,15733.22,Planned
1465,7611,FinanceCloud Implementation 40,1/15/2022,8/16/2022,8/21/2022,11,48453.26,40603.68,Planned
138,7612,CloudERP Implementation 43,8/31/2024,7/17/2025,7/22/2025,47,52749.31,45563.81,Completed
3107,7615,AnalyticsSyncPro Implementation 37,10/23/2024,2/10/2025,3/2/2025,69,48896.51,51362.77,Delayed
675,7617,AnalyticsHub Implementation 38,11/18/2020,6/5/2021,6/30/2021,60,10309.4,9791.89,Planned
2713,7624,ExpenseTrack Implementation 49,2/18/2024,3/31/2024,4/23/2024,80,29358.23,23946.61,Planned
1332,7626,ProjectMax Implementation 2,10/1/2020,9/7/2021,10/1/2021,98,21825.79,18087.62,In Progress
1200,7629,FinancePro Implementation 6,12/13/2020,1/16/2021,1/20/2021,26,90468.59,92337.55,Completed
1390,7638,MarketingPro Implementation 20,1/11/2025,5/19/2025,6/18/2025,63,88858.47,104020.06,Delayed
2595,7643,AnalyticsTrackerPro Implementation 18,4/1/2023,9/9/2023,9/17/2023,92,73310.33,79375.47,Planned
3251,7650,MarketingCloud Implementation 25,6/21/2023,6/8/2024,6/22/2024,93,91020.99,74323.87,In Progress
2203,7651,RevenueGen Implementation 23,9/25/2025,8/14/2026,8/16/2026,71,52100.91,47333.61,Completed
2571,7653,SalesSyncPro Implementation 49,11/8/2021,12/25/2021,1/11/2022,83,86036.81,102456.68,Completed
466,7655,ProductivityPro Implementation 41,9/10/2020,2/10/2021,2/17/2021,71,67908.04,77315.98,Completed
1613,7656,CustomerSuite Implementation 25,7/16/2024,11/11/2024,11/18/2024,61,13075.67,12674.01,Delayed
2056,7663,ProjectSyncPro Implementation 18,10/20/2023,11/27/2023,11/28/2023,47,21109.1,17871.58,In Progress
37,7664,OrderSuite Implementation 4,10/16/2025,12/7/2025,12/27/2025,97,74580.96,84455.66,Completed
3432,7664,ServiceDesk Implementation 33,4/2/2024,12/9/2024,1/5/2025,59,17237.29,17319.83,Delayed
1347,7666,FinanceFlow Implementation 27,4/13/2024,10/26/2024,11/14/2024,28,53018.03,53042.96,Planned
1617,7669,CRM Plus Implementation 28,3/5/2020,4/12/2020,4/28/2020,70,3361.94,3896.51,Planned
2176,7680,TeamTrackerPro Implementation 30,6/1/2020,5/16/2021,5/19/2021,30,98012.05,114473.4,Completed
2478,7681,LeadTrackerPro Implementation 45,3/27/2022,8/16/2022,9/11/2022,96,34223.2,31060.17,Completed
804,7682,TaskCloud Implementation 36,6/24/2023,5/30/2024,6/8/2024,18,96996.87,87875.08,In Progress
490,7685,TaskMax Implementation 43,1/17/2021,3/19/2021,3/28/2021,99,10635.28,9289.8,Planned
256,7690,AdTracker Implementation 4,7/27/2025,11/16/2025,12/3/2025,33,76460.17,77700.93,Planned
2084,7691,CRM SyncPro Implementation 8,11/27/2020,11/17/2021,11/18/2021,61,34893.61,35211.51,Delayed
1463,7693,SupportManagerPro Implementation 34,5/12/2023,12/8/2023,12/22/2023,10,54748.57,53522.61,Delayed
1149,7695,FinanceCloudPro Implementation 43,3/3/2020,11/30/2020,12/30/2020,74,50389.08,45372.67,Delayed
1025,7700,InvoiceTracker Implementation 37,9/10/2023,4/1/2024,4/2/2024,94,42956.84,40291.73,Planned
2108,7700,HR Suite Implementation 9,6/7/2025,10/1/2025,10/15/2025,81,91499.1,96994.21,Planned
885,7704,DataManager Implementation 43,4/16/2021,4/10/2022,4/10/2022,59,91940.48,100000.87,Planned
1139,7704,SmartBilling Implementation 1,11/11/2025,6/19/2026,7/3/2026,77,54268.81,44514.24,In Progress
181,7708,TeamCloud Implementation 2,10/20/2025,6/25/2026,6/29/2026,63,16099.39,18562.12,In Progress
2671,7708,MarketingSuite Implementation 12,2/25/2021,12/25/2021,1/12/2022,75,9899.69,9187,In Progress
2797,7708,DataSuite Implementation 42,12/17/2025,8/9/2026,8/10/2026,27,13504.73,11887.45,Planned
1253,7709,CRM CloudPro Implementation 10,1/20/2021,9/12/2021,10/4/2021,37,96042.86,114091.49,In Progress
231,7718,ClientManager Implementation 7,6/26/2024,2/2/2025,2/14/2025,69,58212.55,62006.83,In Progress
1632,7720,TeamManagerPro Implementation 21,10/5/2021,8/7/2022,8/30/2022,12,68519.25,74770.74,Delayed
358,7722,ExpenseManager Implementation 9,5/27/2023,7/1/2023,7/20/2023,86,37372.64,34399.9,Planned
1191,7728,SalesTrackerPro Implementation 9,9/29/2025,1/4/2026,1/12/2026,40,88894.6,103880.76,In Progress
68,7731,LeadSyncPro Implementation 50,9/3/2021,3/15/2022,3/16/2022,28,30319.42,32109.25,Planned
3102,7731,TaskManagerPro Implementation 14,7/2/2020,2/21/2021,2/21/2021,1,40965.34,46042.45,Delayed
1947,7732,InvoiceProPlus Implementation 37,4/10/2025,9/12/2025,10/2/2025,27,23485.86,23121.42,Delayed
252,7733,CRMPro Implementation 2,8/10/2021,12/27/2021,1/9/2022,98,42924.86,49881.88,Delayed
2674,7736,DataCloud Implementation 16,4/21/2025,11/23/2025,12/21/2025,14,92850.55,84892.07,In Progress
1547,7739,RetailPro Implementation 50,7/15/2022,12/13/2022,12/21/2022,45,39827.86,37342.7,Planned
2247,7739,ERP Max Implementation 26,5/1/2023,2/21/2024,3/13/2024,53,48632.93,48497.06,Completed
105,7740,LeadTrackerPro Implementation 35,2/1/2025,5/3/2025,6/1/2025,13,7525.83,7272.08,Delayed
3048,7741,TeamFlow Implementation 20,5/25/2025,2/15/2026,2/26/2026,2,22526.51,20119.36,Completed
2311,7745,ExpenseMax Implementation 24,9/4/2020,7/18/2021,7/24/2021,25,48695.38,43831.69,Delayed
2397,7745,SupportSuite Implementation 28,2/1/2022,9/5/2022,9/12/2022,44,65718.1,71079.61,In Progress
823,7750,CRM TrackerPro Implementation 22,9/5/2025,11/22/2025,11/29/2025,53,85513.59,75856.09,Planned
2599,7752,MarketTrack Implementation 44,7/1/2024,3/3/2025,3/29/2025,41,50266.56,51369.95,Delayed
2683,7752,DataCloud Implementation 35,10/13/2025,10/3/2026,10/5/2026,42,71669.01,66646.17,Completed
158,7755,CustomerFlowPro Implementation 18,3/10/2020,1/11/2021,1/31/2021,17,24506.93,26376.37,In Progress
1888,7758,LeadPro Implementation 47,11/25/2023,2/22/2024,2/28/2024,5,4115.74,4612.43,Delayed
1957,7760,InventoryMax Implementation 8,2/25/2022,1/3/2023,1/17/2023,9,55170.65,63337.84,Completed
3261,7762,TaskMasterPro Implementation 5,7/26/2020,4/13/2021,4/13/2021,64,5264.08,5269.73,Delayed
503,7763,FinanceTracker Implementation 50,7/9/2020,3/17/2021,3/31/2021,5,58921.01,53736.1,Planned
2527,7763,SalesMax Implementation 47,4/17/2022,10/25/2022,11/4/2022,32,71568.06,80003.09,Delayed
1321,7767,InvoiceProPlus Implementation 17,1/16/2020,6/4/2020,6/14/2020,46,18575.53,18922.1,Planned
2952,7767,CRM Max Implementation 12,2/23/2020,7/24/2020,7/29/2020,40,31640.49,32678.61,Delayed
1594,7771,TaskTrackerPro Implementation 20,11/1/2025,10/7/2026,10/18/2026,60,3984.77,4578.82,In Progress
3499,7771,SupplierLink Implementation 6,9/18/2024,3/25/2025,3/31/2025,15,65731.47,69486.35,Planned
2679,7772,MarketingCloudPro Implementation 25,1/22/2024,7/25/2024,8/13/2024,7,40434.78,46762.78,Delayed
284,7774,AnalyticsSyncPro Implementation 9,2/7/2021,7/11/2021,8/4/2021,18,25591.53,22908.3,Completed
137,7780,SalesCloudPro Implementation 2,5/20/2022,7/28/2022,8/21/2022,17,17843.34,21154.26,Completed
2260,7781,SalesTrackerPro Implementation 37,7/20/2024,8/19/2024,8/22/2024,44,67095.22,68801.62,Planned
1680,7782,FinanceManagerPro Implementation 42,2/27/2023,11/25/2023,12/24/2023,52,46586.83,38650.54,In Progress
3075,7787,RetailFlowPro Implementation 15,8/23/2024,5/23/2025,6/11/2025,41,12309.67,10518.35,Delayed
2344,7788,CustomerFlowPro Implementation 39,2/11/2020,7/18/2020,8/15/2020,17,73989.39,59483.16,Planned
1174,7789,ProjectCloudPro Implementation 49,6/14/2022,1/13/2023,2/4/2023,7,27544.01,24951.04,In Progress
142,7790,CustomerHub Implementation 17,10/17/2020,6/2/2021,6/10/2021,96,77582.25,64849.41,Delayed
2498,7790,ClientCloud Implementation 2,8/29/2020,3/20/2021,4/11/2021,3,32143.2,26494.91,Planned
3363,7797,ReportMaster Implementation 43,8/12/2021,8/4/2022,8/14/2022,72,65478.76,56890.78,Completed
731,7801,SupportCloudPro Implementation 28,5/21/2023,2/27/2024,3/12/2024,79,28729.02,23218.14,In Progress
691,7808,AnalyticsCloudPro Implementation 35,4/16/2022,8/25/2022,9/23/2022,43,55606.79,62418.82,Completed
2274,7809,SupportPro Implementation 49,8/13/2021,12/4/2021,12/28/2021,11,9839.17,10507.86,Completed
1208,7813,CustomerManagerPro Implementation 2,10/3/2022,6/24/2023,7/11/2023,38,69334.7,65416.98,Delayed
1218,7814,CRMPro Implementation 24,3/13/2025,5/28/2025,6/21/2025,24,86698.55,103643.78,Completed
104,7816,RevenueManager Implementation 33,1/4/2023,12/14/2023,12/15/2023,84,12378.92,10164.14,Completed
750,7817,TeamTrackerPro Implementation 2,11/18/2022,3/3/2023,3/17/2023,42,37835.73,41230.58,In Progress
1125,7818,CRM SyncPro Implementation 15,8/26/2022,3/3/2023,3/28/2023,18,74851.72,59963.39,In Progress
2209,7822,DataManager Implementation 44,3/1/2020,4/21/2020,5/9/2020,35,96562.1,99306.28,Planned
973,7824,MarketingFlow Implementation 50,5/2/2022,11/23/2022,12/3/2022,18,55643.67,46279.96,Planned
1158,7825,SalesPro Implementation 34,3/7/2021,10/13/2021,11/10/2021,82,71762,69238.62,Completed
1409,7831,LeadFlow Implementation 31,5/23/2024,8/15/2024,9/13/2024,94,98213.91,82259.93,Delayed
2443,7831,RevenueManagerPro Implementation 7,9/12/2022,12/17/2022,12/29/2022,64,24983.29,21652.35,Completed
2374,7834,SalesSyncPro Implementation 21,10/1/2024,6/17/2025,6/18/2025,96,91132.89,97616.72,Delayed
1067,7837,LeadFlowPro Implementation 23,6/22/2020,5/21/2021,6/15/2021,90,40205.85,46422.62,Planned
334,7843,LeadPro Implementation 13,3/25/2020,9/18/2020,9/22/2020,63,68611.53,61509.1,Planned
1096,7849,InventoryMax Implementation 18,5/27/2020,7/30/2020,7/31/2020,16,84632.3,83269.31,Planned
2156,7849,CRM CloudPro Implementation 23,12/4/2025,7/9/2026,8/7/2026,40,3346.32,3067.86,Planned
2960,7856,ProjectFlowPro Implementation 5,11/16/2021,5/27/2022,6/1/2022,65,84113.07,89176.52,Delayed
3207,7856,AdManager Implementation 45,3/4/2021,6/11/2021,7/2/2021,25,1156.6,930.86,Delayed
3333,7856,FinanceSyncPro Implementation 29,9/7/2023,11/12/2023,12/7/2023,28,8217.23,6995.51,In Progress
2132,7857,ProjectTracker Implementation 40,3/2/2021,4/4/2021,4/17/2021,10,6336.06,6040.47,In Progress
2480,7857,RevenueMax Implementation 45,2/15/2023,1/23/2024,2/21/2024,47,39649.64,33160.92,In Progress
723,7866,CampaignManager Implementation 34,3/4/2024,9/20/2024,10/15/2024,49,1207.54,1376.68,Planned
56,7867,RetailSuite Implementation 37,6/4/2023,12/15/2023,12/25/2023,8,35569.78,31917.32,Delayed
1619,7868,ProjectFlow Implementation 24,5/4/2022,6/25/2022,7/2/2022,26,39534.43,37681.33,In Progress
2011,7869,ProjectFlow Implementation 1,5/25/2020,8/28/2020,9/24/2020,83,61163.01,53224.76,Completed
2214,7869,TeamPro Implementation 38,10/15/2025,10/13/2026,10/14/2026,97,94530.1,84581.42,Completed
1687,7876,TaskCloud Implementation 7,8/9/2024,4/7/2025,4/18/2025,97,12902.87,15128.72,Delayed
2757,7877,CRM Plus Implementation 3,1/25/2020,9/15/2020,10/10/2020,90,74836.81,64962.62,Completed
1776,7878,RevenueTrackerPro Implementation 23,9/3/2023,6/22/2024,7/10/2024,39,18137.39,20934.58,Planned
2154,7878,MarketTrack Implementation 11,6/16/2021,10/6/2021,10/21/2021,10,29849.8,24590.96,Completed
2633,7881,ProjectCloudPro Implementation 18,5/3/2021,3/20/2022,3/27/2022,63,97702.43,102485.24,Completed
3264,7882,ERP ManagerPro Implementation 20,7/1/2023,8/12/2023,9/2/2023,52,59458.62,51595.82,Planned
552,7884,AnalyticsPro Implementation 41,7/14/2024,2/25/2025,3/20/2025,37,57496.41,51952.19,Delayed
1603,7888,FinanceTrackerPro Implementation 4,12/8/2025,10/23/2026,11/3/2026,2,81321.83,75924.68,Completed
2830,7888,DocuFlow Implementation 18,6/15/2024,3/22/2025,4/18/2025,100,99187.78,118531.64,In Progress
83,7890,AnalyticsSyncPro Implementation 6,6/2/2021,5/28/2022,6/11/2022,36,76147.76,75799.38,Completed
1244,7897,FinanceCloudPro Implementation 42,6/25/2022,12/9/2022,12/9/2022,23,92801.85,92726.41,Delayed
1431,7897,FinanceMax Implementation 41,1/22/2021,4/16/2021,5/8/2021,79,8485.01,7735.38,Completed
3350,7898,SupportCloudPro Implementation 9,5/7/2020,5/5/2021,6/2/2021,74,10957.28,8923.22,Completed
3481,7903,TaskCloud Implementation 30,4/21/2020,1/22/2021,2/8/2021,4,60035.78,65937.03,Completed
2503,7913,FinanceTracker Implementation 16,9/4/2024,3/25/2025,3/26/2025,22,21495.71,23267.41,Planned
2375,7914,ExpensePro Implementation 35,9/16/2023,3/18/2024,4/9/2024,15,60386.95,70820.57,In Progress
956,7916,AnalyticsCloud Implementation 8,12/1/2020,11/7/2021,11/10/2021,19,11348.43,9225.6,Delayed
1199,7916,SupportTrackerPro Implementation 13,1/6/2020,10/29/2020,11/7/2020,17,17269.41,14803.74,In Progress
2909,7918,TeamTrackerPro Implementation 31,10/19/2022,5/20/2023,6/7/2023,80,5497.7,6378.82,In Progress
3290,7926,LeadCloudPro Implementation 42,12/20/2020,8/10/2021,9/3/2021,52,95922.92,111408.48,Delayed
1500,7934,AnalyticsProPlus Implementation 19,10/21/2024,7/10/2025,7/18/2025,48,10245.63,8978.21,In Progress
2141,7938,LeadSyncPro Implementation 41,10/15/2025,1/13/2026,1/24/2026,23,60586.61,70907.77,Completed
2668,7940,ProjectFlowPro Implementation 34,6/3/2021,10/8/2021,10/23/2021,22,31203.88,33017.6,Planned
3279,7940,ProjectTracker Implementation 3,4/2/2023,2/8/2024,2/11/2024,63,52727.68,47198.36,Completed
2770,7946,CRM Max Implementation 20,1/11/2024,8/22/2024,9/2/2024,28,37461.88,37014.38,Delayed
2035,7950,ProjectManager Implementation 49,10/20/2022,4/14/2023,4/24/2023,67,26495.5,23237.25,Completed
654,7953,FinanceSuite Implementation 48,4/8/2020,12/20/2020,1/5/2021,39,43887.51,48339.61,Planned
313,7954,ProjectTracker Implementation 11,9/15/2024,2/8/2025,2/24/2025,55,14910.98,12649.24,In Progress
798,7954,SmartBilling Implementation 28,9/11/2020,8/26/2021,9/7/2021,39,4082.48,4228.03,Delayed
1334,7957,RetailManager Implementation 38,2/26/2025,1/19/2026,2/4/2026,47,82765.1,90096.06,In Progress
1626,7961,ExpenseTrackerPro Implementation 15,1/24/2022,12/14/2022,12/28/2022,82,28765.76,26673.59,Delayed
1652,7964,RetailPro Implementation 29,2/3/2021,7/4/2021,7/23/2021,36,51780.41,57383.74,In Progress
1901,7969,ServiceDesk Implementation 20,2/7/2025,5/3/2025,5/29/2025,14,67008.99,67776.05,In Progress
3389,7975,SalesBoost Implementation 39,3/26/2021,9/7/2021,9/18/2021,5,99051.68,93469.75,In Progress
2735,7979,TaskManagerPro Implementation 42,12/22/2021,7/14/2022,7/20/2022,84,57695.45,54016.26,Delayed
1856,7984,InvoiceCloud Implementation 27,10/20/2025,1/28/2026,2/18/2026,34,2001.87,1645.66,Delayed
376,7987,InvoiceTrackerProPlus Implementation 27,1/30/2024,6/3/2024,6/10/2024,27,79548.38,93738.69,Planned
1184,7989,MarketingFlowPro Implementation 36,9/1/2020,8/29/2021,9/20/2021,32,25757.57,28354.94,Planned
286,7992,CRM FlowPro Implementation 5,8/1/2020,2/11/2021,2/17/2021,39,75894.86,78698.03,In Progress
747,7992,BudgetPlanner Implementation 20,8/21/2021,6/14/2022,6/24/2022,36,2746.42,2456.57,Planned
3323,7992,SupportDesk Implementation 10,1/25/2020,6/25/2020,7/18/2020,39,3218.05,3464.85,Completed
749,7994,BudgetMaster Implementation 49,11/5/2025,6/19/2026,7/14/2026,95,12455.21,9980.65,Delayed
1800,7995,CRM Plus Implementation 45,9/28/2021,3/22/2022,4/10/2022,17,64924.11,52389.36,Completed
1972,7997,SupportTrackerPro Implementation 2,2/14/2022,4/22/2022,5/1/2022,24,81175.86,89821.09,In Progress
1846,8000,RevenuePro Implementation 19,11/11/2023,8/15/2024,8/17/2024,62,93586.26,110833.06,Completed
162,8004,AdManager Implementation 9,1/6/2025,11/5/2025,11/17/2025,69,40927.79,37090.3,Delayed
1376,8004,SupportMaxPro Implementation 20,8/8/2025,2/16/2026,3/17/2026,45,34384.48,31029.31,Completed
2340,8008,OrderCloud Implementation 39,8/26/2025,10/2/2025,11/1/2025,30,99079.54,112826.76,In Progress
2563,8011,FinancePro Implementation 25,6/15/2021,10/15/2021,10/31/2021,40,22019.18,22432.58,Planned
2479,8012,SupportPro Implementation 4,4/18/2020,3/24/2021,4/7/2021,90,11538.61,11606.6,In Progress
1333,8015,MarketingCloud Implementation 26,10/10/2024,12/14/2024,12/26/2024,39,64945.85,55321.63,Planned
817,8016,MarketingFlow Implementation 46,12/21/2022,8/7/2023,8/23/2023,68,92463.61,85026.68,Completed
416,8023,TimeTracker Implementation 42,11/22/2020,10/1/2021,10/16/2021,68,11396.54,11293.52,Planned
2081,8025,CRMPro Implementation 50,8/17/2023,3/10/2024,3/28/2024,91,99808.84,86503.37,Planned
139,8027,SupportCloudPro Implementation 1,7/4/2022,1/27/2023,2/17/2023,34,9005.52,8950.11,Planned
1344,8033,AnalyticsHub Implementation 19,6/20/2020,4/10/2021,5/5/2021,10,90341.72,76705.4,Planned
3073,8035,TimeTracker Implementation 26,8/27/2022,8/11/2023,9/7/2023,7,2437.1,2564.14,Planned
551,8045,CloudERP Implementation 37,8/17/2024,3/1/2025,3/5/2025,45,36860.63,32820.74,Delayed
125,8050,SalesManagerPro Implementation 50,9/2/2020,1/15/2021,2/12/2021,8,85820.77,78970.06,Delayed
2333,8052,ExpenseTrack Implementation 27,7/13/2024,10/31/2024,11/22/2024,61,76383.02,83156.91,Delayed
3434,8052,FinanceTrackerPro Implementation 15,12/2/2025,4/25/2026,5/13/2026,86,17403.18,19466.08,Completed
788,8053,CRM CloudPro Implementation 29,2/21/2023,9/7/2023,9/22/2023,81,58456.12,52198.91,Planned
2822,8056,ExpenseManagerPro Implementation 45,11/24/2021,7/11/2022,7/18/2022,90,98373.34,80922.73,Planned
3011,8057,ProjectTrackerPro Implementation 9,9/2/2021,10/15/2021,11/3/2021,69,10309.03,11021.52,Completed
989,8060,LeadTrackerPro Implementation 7,1/18/2024,8/17/2024,9/12/2024,55,98722.83,102995.45,In Progress
1246,8060,LeadTrackerPro Implementation 45,11/11/2025,9/11/2026,9/30/2026,85,96657.96,110080.42,Delayed
2731,8060,MarketingManagerPro Implementation 48,4/7/2022,9/8/2022,10/4/2022,74,18861.04,16295.22,Delayed
348,8064,ProjectSync Implementation 17,1/20/2021,12/7/2021,12/12/2021,61,35885.08,42311.42,Completed
2076,8066,HR Suite Implementation 45,6/8/2023,5/18/2024,6/5/2024,15,18133.33,19246.29,In Progress
3158,8066,AdTracker Implementation 23,6/19/2025,6/15/2026,7/11/2026,95,85560.88,70384.38,In Progress
1288,8068,SalesSuite Implementation 23,4/27/2024,11/23/2024,12/20/2024,59,19643.84,18266.24,Completed
3141,8068,CustomerManagerPro Implementation 36,9/11/2024,7/27/2025,8/13/2025,81,68187.22,74176.51,Delayed
1140,8070,MarketingCloudPro Implementation 6,4/5/2023,1/19/2024,1/21/2024,23,57718.83,63136.79,In Progress
960,8071,SalesForcePlus Implementation 7,7/23/2022,3/15/2023,4/5/2023,74,48049.16,53061.96,In Progress
1604,8079,TaskCloud Implementation 5,11/12/2020,8/18/2021,9/6/2021,5,92174.76,108357.82,In Progress
1475,8082,AnalyticsCloudPro Implementation 31,10/25/2020,1/20/2021,1/27/2021,70,20298.24,23520.63,Delayed
1498,8090,ERP TrackerPro Implementation 19,4/1/2022,8/27/2022,8/29/2022,3,6272.13,5031.04,Completed
3274,8093,TeamCloudPro Implementation 21,9/22/2024,5/24/2025,6/11/2025,26,40680.7,42506.44,Delayed
397,8099,FinanceTrackerPro Implementation 25,8/8/2023,10/18/2023,11/11/2023,56,34676.03,38119.85,Completed
1080,8099,MarketingSuitePro Implementation 49,2/22/2025,1/1/2026,1/30/2026,71,50883.22,41064.52,Delayed
2598,8099,SmartQuote Implementation 7,3/12/2021,7/30/2021,8/15/2021,17,22290.16,21311.43,Completed
3377,8100,AnalyticsCloudPro Implementation 16,5/15/2023,11/11/2023,11/21/2023,16,54786.24,46251.26,In Progress
476,8101,ExpenseMax Implementation 47,10/29/2020,7/25/2021,7/26/2021,28,24408.33,22104.43,In Progress
3411,8103,TeamCloudPro Implementation 32,7/1/2022,3/22/2023,4/6/2023,84,46090.2,46019.1,Planned
736,8109,FinanceFlow Implementation 26,3/8/2021,5/31/2021,6/16/2021,5,42236.34,39857.26,Delayed
1857,8116,ERP Suite Implementation 25,5/30/2022,2/3/2023,2/7/2023,83,22110.14,19972.79,Completed
3394,8117,BudgetMaster Implementation 2,12/10/2023,1/30/2024,2/29/2024,58,13615.83,12795.61,Planned
413,8120,RevenueTrackerPro Implementation 31,6/9/2021,10/7/2021,10/28/2021,7,3096.63,3571.3,In Progress
3308,8131,TeamTrackerPro Implementation 34,7/28/2023,12/8/2023,1/7/2024,9,15262.68,15426.77,Planned
1276,8133,SalesManager Implementation 30,5/13/2024,2/18/2025,3/17/2025,86,17263.95,13918.14,In Progress
1804,8138,TeamFlowPro Implementation 8,1/31/2022,11/30/2022,12/10/2022,45,5499.45,4851.68,Delayed
2973,8138,RevenuePro Implementation 47,3/12/2022,6/22/2022,6/22/2022,65,74614.17,87192.46,Planned
45,8141,ProjectFlow Implementation 29,9/11/2020,3/24/2021,3/30/2021,23,79701.92,65848.81,Planned
2418,8143,TaskFlow Implementation 47,10/3/2022,4/21/2023,5/10/2023,79,22060.75,24522.78,In Progress
262,8146,TaskCloudPro Implementation 45,12/16/2024,2/12/2025,2/24/2025,67,66617.92,58807.17,Completed
826,8148,LeadFlow Implementation 23,2/5/2024,12/30/2024,1/14/2025,83,24356.86,25414.86,Planned
876,8148,SupportMax Implementation 25,12/16/2024,12/14/2025,12/21/2025,19,37779.09,41989.94,Planned
2029,8148,TaskMaster Implementation 34,12/16/2025,8/2/2026,8/5/2026,30,26274.68,30630.22,Completed
844,8159,ERPCloud Implementation 21,1/20/2021,7/8/2021,7/21/2021,73,59522.29,61667.96,Planned
1445,8166,DocuManage Implementation 18,4/10/2024,2/11/2025,3/4/2025,77,3035.88,3414.1,In Progress
3178,8171,DataCloud Implementation 12,11/17/2020,7/14/2021,7/26/2021,21,11766.01,10423.54,Delayed
2428,8175,ProjectCloudPro Implementation 32,11/7/2023,12/16/2023,12/21/2023,44,29233.64,28945.91,In Progress
730,8176,FinanceSuite Implementation 6,9/4/2025,1/17/2026,2/14/2026,92,37966.64,42579.81,Completed
2226,8177,RevenueTracker Implementation 42,6/18/2021,11/6/2021,12/2/2021,58,30100.12,32685.93,In Progress
3388,8177,SalesManager Implementation 46,10/28/2020,12/31/2020,1/11/2021,85,9341.44,7685.4,Planned
1942,8178,RevenueCloudPro Implementation 7,6/7/2020,9/23/2020,10/8/2020,54,53319.92,43994.99,Planned
383,8179,ServiceDesk Implementation 32,10/2/2020,6/4/2021,6/23/2021,45,10474.27,11463.47,Planned
933,8181,AnalyticsManagerPro Implementation 46,6/27/2024,12/9/2024,12/15/2024,31,63343.23,71205.91,Completed
1069,8181,RetailPro Implementation 12,6/23/2023,12/9/2023,12/18/2023,51,16577.2,19432.09,Planned
1620,8181,LeadFlow Implementation 9,2/20/2024,9/24/2024,10/14/2024,3,53005.17,55783.12,Planned
649,8182,TaskSyncPro Implementation 21,10/7/2023,3/17/2024,4/6/2024,70,11422.42,11907.94,Planned
3444,8182,CustomerTrackerPro Implementation 9,3/18/2022,6/18/2022,7/14/2022,95,22586.33,23981.97,In Progress
3280,8183,AnalyticsPro Implementation 44,4/28/2023,12/11/2023,1/7/2024,52,4087.63,4579.51,Planned
2718,8186,TeamPro Implementation 28,5/8/2024,4/6/2025,5/2/2025,97,71852.34,62103.3,In Progress
477,8189,TaskSuite Implementation 37,11/11/2025,3/5/2026,3/28/2026,78,80424.4,83500.76,Completed
3049,8189,RetailSuitePro Implementation 28,12/21/2022,6/29/2023,7/2/2023,20,7290.31,5965.2,Delayed
527,8191,FinanceFlowPro Implementation 12,5/26/2025,11/20/2025,12/5/2025,57,27611.34,26749.8,Delayed
1662,8195,ProfitTracker Implementation 29,10/30/2023,8/26/2024,8/26/2024,26,8415.93,8614.76,Delayed
640,8200,CRM Cloud Implementation 1,11/1/2021,10/22/2022,11/7/2022,15,28238.39,31258.31,In Progress
1750,8204,InvoiceFlowPro Implementation 36,6/21/2025,2/14/2026,3/10/2026,17,42225.49,45821.24,In Progress
2271,8205,TeamMax Implementation 4,7/22/2022,3/8/2023,3/23/2023,69,19746.24,21316.12,In Progress
881,8207,AdManager Implementation 23,4/25/2024,1/25/2025,2/17/2025,51,70110.32,79174.36,Delayed
1435,8208,CustomerConnect Implementation 30,5/26/2025,12/1/2025,12/21/2025,45,15251.85,14808.96,Planned
2669,8209,DocuFlow Implementation 38,8/15/2020,11/2/2020,11/23/2020,42,89795.8,100234.69,Planned
1177,8212,DocuFlow Implementation 25,9/18/2021,12/16/2021,1/7/2022,91,68466.62,57838.32,Completed
1602,8215,AdManager Implementation 33,5/1/2022,2/11/2023,2/26/2023,1,41139.09,33705.42,Delayed
3217,8218,CampaignManager Implementation 36,5/26/2023,1/9/2024,1/18/2024,72,17947.65,16201.12,Completed
1166,8234,CRM CloudPro Implementation 24,9/18/2023,5/27/2024,5/31/2024,47,86141.65,80141.57,Completed
1271,8235,InvoiceMax Implementation 11,6/19/2025,9/24/2025,10/21/2025,84,37877.26,43800.61,Completed
1898,8240,OrderFlow Implementation 22,6/21/2024,7/26/2024,8/8/2024,35,97578.13,116073.82,Delayed
3351,8240,TaskCloud Implementation 5,4/11/2024,9/26/2024,10/3/2024,11,50582.54,46613.4,Completed
998,8243,ProductivityPro Implementation 24,5/13/2025,12/4/2025,12/31/2025,37,97363,93873.94,In Progress
687,8244,FinancePro Implementation 38,5/17/2020,12/22/2020,1/19/2021,67,16291.4,15137.36,Delayed
2430,8247,OrderSuite Implementation 44,1/3/2024,10/12/2024,10/20/2024,41,25215.34,24480.09,In Progress
2608,8250,CustomerFlow Implementation 35,3/27/2021,3/24/2022,3/29/2022,98,21873.94,23588.94,Planned
1356,8255,RetailManager Implementation 31,4/6/2020,10/2/2020,10/8/2020,68,41943.31,40333.93,Planned
263,8262,SalesSyncPro Implementation 28,12/15/2021,5/9/2022,5/20/2022,47,54031.03,55348.95,Completed
1428,8262,RevenueManagerPro Implementation 50,6/25/2020,1/11/2021,1/14/2021,95,90969.23,95142.24,In Progress
270,8264,OrderSuite Implementation 10,11/18/2024,3/21/2025,4/3/2025,12,98674.42,117191.7,Planned
1749,8265,ProjectManagerPro Implementation 21,8/4/2023,2/13/2024,3/14/2024,83,86780.85,84391.2,In Progress
25,8266,OrderManager Implementation 8,4/16/2020,11/27/2020,12/9/2020,3,53982.23,43730.35,Planned
759,8269,RevenueGen Implementation 21,7/17/2024,11/28/2024,12/19/2024,50,58298.8,66818.88,In Progress
1270,8271,SalesTracker Implementation 24,10/18/2020,7/19/2021,8/7/2021,68,98981.24,116429.73,Completed
1655,8274,AnalyticsPro Implementation 32,4/1/2022,12/24/2022,1/8/2023,31,78894.07,94320.21,Completed
60,8277,LeadSyncPro Implementation 33,10/6/2023,10/3/2024,10/16/2024,6,33056.58,34533.39,Completed
3215,8279,ERP Max Implementation 32,1/6/2023,6/18/2023,7/6/2023,73,14768.68,16890.28,Delayed
1598,8282,TeamTrackerPro Implementation 34,7/4/2021,3/17/2022,4/14/2022,58,9278.39,10126.3,Planned
577,8284,MarketingSyncPro Implementation 21,8/14/2025,10/25/2025,11/19/2025,86,4434.93,4165.97,Planned
2047,8292,InventoryFlow Implementation 26,7/20/2020,7/1/2021,7/31/2021,60,84527.71,83620.46,Completed
1633,8293,SupportMaxPro Implementation 46,9/14/2020,3/29/2021,4/7/2021,98,11160.72,11514.57,Planned
108,8299,ProjectHub Implementation 28,8/22/2023,2/16/2024,3/15/2024,75,67795.63,65256.1,Completed
1230,8307,ERP Max Implementation 40,10/25/2020,2/8/2021,2/24/2021,78,12753.75,14913.24,Delayed
1396,8310,SupportMax Implementation 42,12/25/2022,2/13/2023,3/10/2023,52,4288.97,3459.27,In Progress
1708,8315,MarketingCloud Implementation 34,4/14/2025,6/23/2025,7/18/2025,52,87590.93,93116.33,In Progress
3245,8315,RetailPro Implementation 8,8/10/2025,12/16/2025,1/15/2026,77,10298,11054.31,In Progress
1525,8319,TeamManagerPro Implementation 22,2/19/2024,8/9/2024,8/24/2024,44,61476.66,66923.52,Completed
1240,8322,AnalyticsProPlus Implementation 40,7/5/2021,4/23/2022,4/29/2022,26,21708.5,19683.7,In Progress
1679,8323,CustomerManagerPro Implementation 26,11/14/2020,8/16/2021,8/18/2021,52,48662.78,41693.02,Delayed
3433,8326,RevenueFlowPro Implementation 25,3/9/2022,1/9/2023,1/27/2023,47,98719.32,106565.89,Planned
2533,8329,CustomerManagerPro Implementation 5,5/7/2021,11/27/2021,12/26/2021,79,97297.74,111137.79,Delayed
537,8335,ProjectCloudPro Implementation 7,4/27/2023,10/2/2023,10/6/2023,81,34042.71,34308.01,Completed
693,8337,TeamCollab Implementation 32,12/29/2021,10/25/2022,10/29/2022,65,27987.22,32099.19,In Progress
1943,8339,RetailSyncPro Implementation 26,10/27/2025,1/9/2026,2/7/2026,12,49073.26,46229.33,Delayed
638,8340,InvoiceCloudPro Implementation 9,3/27/2025,1/15/2026,2/6/2026,33,73667.86,63472.63,In Progress
2105,8341,HR Suite Implementation 30,11/22/2025,10/31/2026,11/29/2026,93,8917.65,8710.23,Completed
992,8347,RetailManagerPro Implementation 24,4/16/2024,9/23/2024,10/17/2024,19,31417.38,26310.12,Planned
1281,8352,SalesTracker Implementation 19,9/19/2025,11/14/2025,11/25/2025,55,15878.34,15128.54,In Progress
1483,8356,FinanceTracker Implementation 17,1/8/2025,8/30/2025,9/20/2025,71,98256.25,84337.38,Completed
1056,8360,TeamFlow Implementation 25,11/15/2022,5/21/2023,6/1/2023,73,45136.44,46002.24,Planned
1493,8362,SmartSales Implementation 32,3/4/2020,3/4/2021,3/18/2021,50,4352.54,4710.62,Completed
556,8363,MarketingManagerPro Implementation 43,8/24/2021,10/13/2021,10/19/2021,32,79727.04,64173.97,Planned
765,8364,RetailSyncPro Implementation 34,4/27/2021,8/28/2021,9/20/2021,34,67023.06,65197.74,Completed
2531,8365,InventoryFlow Implementation 28,1/5/2021,9/26/2021,10/4/2021,6,3236.82,2798.33,Delayed
3103,8365,MarketingSuitePro Implementation 8,7/3/2025,6/10/2026,7/8/2026,5,18815.37,17306.65,In Progress
954,8367,ClientManager Implementation 47,2/23/2021,10/9/2021,11/1/2021,79,7908.2,6928.95,Completed
2382,8369,FinanceCloudPro Implementation 36,4/29/2023,8/25/2023,9/11/2023,9,25405.16,25527.42,Delayed
742,8371,CustomerManagerPro Implementation 30,6/2/2022,10/22/2022,10/22/2022,2,79596.62,95274.79,Delayed
2284,8371,RetailFlow Implementation 15,4/4/2023,6/5/2023,6/21/2023,1,23919.67,24481.52,Planned
2776,8373,TaskMaster Implementation 37,6/1/2021,11/7/2021,11/14/2021,19,81708.33,71036.73,Completed
1550,8378,OrderSuite Implementation 38,10/1/2025,8/13/2026,9/6/2026,21,87268.44,93962.02,In Progress
2685,8382,DataCloud Implementation 40,12/3/2020,3/26/2021,3/28/2021,22,57278.8,68152.41,In Progress
3332,8389,TaskFlow Implementation 26,3/9/2024,8/10/2024,9/6/2024,22,65052.96,68013.19,Planned
3424,8390,ERP ManagerPro Implementation 27,3/21/2025,3/20/2026,4/9/2026,60,96982.18,105446.51,Planned
266,8392,MarketingSyncPro Implementation 25,7/14/2023,5/17/2024,6/9/2024,48,45748.1,44588.35,Completed
415,8395,InvoiceFlowPro Implementation 50,4/3/2023,11/6/2023,11/14/2023,76,80787.96,82825.82,Planned
1372,8395,RetailSuitePro Implementation 3,7/3/2023,1/24/2024,2/4/2024,65,87452.2,78287.93,In Progress
3032,8396,LeadCloud Implementation 1,12/15/2020,1/16/2021,2/4/2021,67,31789.64,28636.31,In Progress
824,8400,LeadHunter Implementation 6,5/28/2025,2/22/2026,2/24/2026,48,45549.55,46823.2,Planned
1054,8400,RetailSuite Implementation 49,1/25/2024,9/28/2024,10/1/2024,7,72956.17,82976.69,Completed
947,8405,SupportCloud Implementation 33,10/14/2024,3/12/2025,3/30/2025,90,76622.69,69004.25,Delayed
1986,8405,SalesFlowPro Implementation 45,1/27/2022,6/21/2022,6/30/2022,28,37649.07,36249.48,Delayed
1743,8409,SupportCloudPro Implementation 22,12/11/2021,6/27/2022,7/17/2022,34,38993.65,33571.19,Planned
1101,8411,ClientManager Implementation 5,9/15/2025,5/20/2026,6/12/2026,74,65052.34,58923.07,In Progress
64,8412,MarketingFlow Implementation 40,10/18/2025,3/3/2026,3/15/2026,50,98993.79,83556.06,Delayed
1995,8430,InvoiceProPlus Implementation 19,8/15/2025,5/28/2026,6/9/2026,98,64793.95,64398.26,Delayed
3187,8431,SupportPro Implementation 44,12/14/2022,4/19/2023,4/27/2023,49,15572.11,17477.06,In Progress
245,8435,AnalyticsProPlus Implementation 29,6/10/2022,7/31/2022,8/16/2022,59,91050.99,95020.07,Delayed
2270,8436,ExpenseTrack Implementation 33,9/26/2022,9/7/2023,9/24/2023,77,86935.67,93771.55,Completed
3475,8436,SupportDesk Implementation 50,7/23/2020,1/31/2021,2/7/2021,14,43577.86,40495.68,Delayed
545,8439,ERP CloudPro Implementation 12,5/4/2022,4/6/2023,4/24/2023,51,27676.77,26964.64,Planned
1871,8445,MarketingSyncPro Implementation 38,12/17/2020,7/3/2021,7/29/2021,68,39861.57,43217.38,In Progress
3353,8446,MarketingTracker Implementation 9,8/15/2021,7/2/2022,7/11/2022,60,37391.78,32711.72,Delayed
944,8447,ClientManager Implementation 15,12/11/2023,10/24/2024,11/4/2024,88,51178.59,46973.81,Planned
48,8448,SupportManagerPro Implementation 14,11/9/2020,12/20/2020,1/2/2021,92,10303.54,11202.06,Completed
1411,8448,SupportManagerPro Implementation 22,9/28/2023,7/25/2024,8/6/2024,7,84527.2,99330.83,Delayed
2146,8453,CustomerCloudPro Implementation 47,10/28/2025,6/22/2026,6/27/2026,99,91863.13,109276.69,Delayed
1759,8454,TeamManagerPro Implementation 30,5/19/2022,8/13/2022,8/23/2022,26,50814.97,47196.41,Delayed
593,8455,ClientManager Implementation 35,11/26/2021,10/13/2022,10/26/2022,76,76425.87,78186.63,Delayed
1026,8457,TeamManager Implementation 31,3/14/2022,12/14/2022,12/17/2022,31,4092.5,3641.57,Planned
2558,8459,MarketingFlowPro Implementation 35,9/2/2022,7/19/2023,8/13/2023,3,90396.23,102770.63,Planned
130,8460,ServiceDesk Implementation 26,4/14/2024,12/15/2024,1/2/2025,79,25459.89,28951.57,Delayed
3260,8460,ERP TrackerPro Implementation 1,7/15/2025,5/2/2026,5/10/2026,2,42522.06,41684.57,Delayed
2205,8462,ProjectCloudPro Implementation 49,10/23/2021,9/17/2022,10/3/2022,84,68693.93,76981.16,Completed
2073,8467,ProfitCloud Implementation 48,11/17/2022,8/9/2023,8/30/2023,57,53574.82,53114.36,Delayed
2910,8467,TaskManagerPro Implementation 11,1/7/2021,3/6/2021,3/7/2021,88,30009.83,33624.97,Planned
700,8469,FinanceSyncPro Implementation 50,3/8/2021,10/12/2021,10/15/2021,58,92060.73,84737.36,Completed
1033,8475,InventoryMax Implementation 12,3/31/2021,1/9/2022,1/25/2022,100,86535.51,97235.45,Delayed
32,8479,ProjectManager Implementation 43,8/22/2021,3/30/2022,4/26/2022,68,40995.36,41720.64,In Progress
475,8479,CustomerFlow Implementation 35,11/30/2020,1/4/2021,1/15/2021,62,28623.97,32329.4,Planned
1144,8480,CRMPro Implementation 19,5/13/2022,2/27/2023,3/14/2023,88,3645.69,3093.16,Planned
549,8481,SalesForcePlus Implementation 3,6/2/2023,7/11/2023,7/18/2023,36,38872.71,42916.74,Delayed
1485,8482,TeamMax Implementation 11,10/27/2025,9/5/2026,10/5/2026,48,63717.38,76175.84,Completed
2337,8486,CRM ManagerPro Implementation 30,7/13/2022,9/22/2022,10/2/2022,100,49188.07,49738.04,Completed
3396,8487,ExpenseFlowPro Implementation 34,7/8/2025,4/30/2026,5/1/2026,87,46340.51,39741.62,Completed
2241,8494,InvoiceManager Implementation 18,7/8/2021,6/11/2022,6/30/2022,62,84683.83,78515.75,Planned
2173,8495,SalesMax Implementation 26,3/18/2021,2/21/2022,3/9/2022,99,35173.59,35031.51,In Progress
2470,8495,CRM ManagerPro Implementation 25,11/4/2024,4/1/2025,4/12/2025,40,28337.33,33148.58,Delayed
2653,8502,LeadTrackerPro Implementation 13,6/14/2024,3/13/2025,3/22/2025,44,15259.26,13143.24,Completed
2684,8502,CustomerConnect Implementation 21,8/2/2025,6/23/2026,7/18/2026,15,27184.65,26902.47,Delayed
3257,8505,FinanceFlowPro Implementation 27,4/14/2020,7/5/2020,7/30/2020,5,66236.41,68216.69,In Progress
702,8508,SalesTracker Implementation 40,4/17/2025,8/28/2025,9/26/2025,74,97586.69,102579.88,Delayed
2597,8509,HR Manager Implementation 38,7/31/2023,1/14/2024,2/13/2024,47,26373.73,22478.52,Planned
2240,8510,TeamMax Implementation 39,2/15/2023,12/25/2023,12/25/2023,44,4647.33,4575.08,Delayed
2882,8512,AnalyticsFlowPro Implementation 44,4/25/2022,8/23/2022,9/13/2022,82,43462.91,46107.86,Delayed
319,8513,TaskFlowPro Implementation 27,12/29/2021,11/19/2022,12/9/2022,54,25065.89,24831.56,Delayed
1787,8515,OrderManager Implementation 11,11/26/2022,9/9/2023,10/1/2023,60,27833.98,29984.35,Delayed
569,8528,MarketingTracker Implementation 18,10/22/2021,5/3/2022,5/9/2022,45,50035.03,53539.01,Delayed
1820,8530,TeamSyncPro Implementation 31,11/14/2023,1/30/2024,2/15/2024,64,28091.41,23024.95,Planned
2151,8531,DataVision Implementation 48,2/28/2020,1/24/2021,2/5/2021,4,47494.69,53396.67,Planned
195,8532,RetailSuite Implementation 21,1/29/2021,7/2/2021,7/2/2021,11,87321.17,97693.87,Planned
239,8533,TeamSync Implementation 34,5/2/2022,8/24/2022,9/12/2022,58,87012.5,70942.05,Planned
611,8533,CRM Cloud Implementation 33,2/5/2021,6/16/2021,7/7/2021,36,69550.03,63547.63,Completed
2766,8534,SupportFlowPro Implementation 12,7/7/2025,3/4/2026,3/13/2026,61,95757.22,114768.26,In Progress
3177,8537,ServiceDesk Implementation 32,6/16/2020,4/11/2021,4/28/2021,51,32139.85,37351.74,In Progress
1697,8538,TaskFlow Implementation 17,2/12/2024,1/28/2025,2/25/2025,76,35570.47,38667.03,Completed
1771,8539,LeadHunter Implementation 40,5/2/2024,6/25/2024,7/2/2024,76,80478.12,64531.5,Planned
2596,8541,TeamTrackerPro Implementation 22,6/17/2020,11/22/2020,12/13/2020,38,19204.43,18070.57,Completed
2787,8543,ERPPro Implementation 3,11/1/2024,2/1/2025,2/21/2025,23,91436.93,102048.39,Planned
76,8546,BudgetMaster Implementation 5,10/24/2024,9/25/2025,10/7/2025,43,68638.42,60932.99,Delayed
1959,8546,RevenueCloudPro Implementation 20,9/15/2020,7/17/2021,7/26/2021,22,32825.4,27692.01,Planned
515,8548,MarketingTrackerPro Implementation 22,10/29/2022,8/6/2023,8/14/2023,78,8596.41,9394.89,Delayed
2781,8548,SalesForcePlus Implementation 34,11/16/2025,7/14/2026,7/20/2026,49,97184.91,105459.23,Delayed
1684,8552,SupportTrackerPro Implementation 22,12/7/2021,2/11/2022,2/15/2022,35,17795.31,21009.87,Planned
2513,8552,SalesSyncPro Implementation 9,8/21/2025,7/1/2026,7/3/2026,92,80904.1,77797.34,Completed
3494,8552,RetailMax Implementation 45,7/9/2024,6/4/2025,6/7/2025,64,27308.8,22773.28,Completed
1099,8556,ERP FlowPro Implementation 4,3/22/2025,3/6/2026,3/24/2026,52,43430.68,40351.32,In Progress
1731,8557,CRM TrackerPro Implementation 26,6/20/2023,6/19/2024,7/3/2024,6,30832.6,31211.75,Completed
369,8558,SupportCloud Implementation 25,4/26/2024,7/24/2024,7/24/2024,43,90550.69,76798.98,In Progress
716,8559,CustomerFlowPro Implementation 15,3/28/2022,7/2/2022,7/18/2022,67,62366.24,52490.65,Delayed
398,8568,RetailMax Implementation 21,11/8/2024,7/12/2025,8/1/2025,57,9234.35,8917.93,Delayed
1251,8568,MarketingManagerPro Implementation 18,3/24/2025,6/18/2025,7/3/2025,18,75257.17,68267.58,Planned
2357,8568,DataSuite Implementation 27,5/10/2020,11/12/2020,11/19/2020,2,50578.43,42854.24,Completed
2994,8568,ERP FlowPro Implementation 36,3/3/2022,4/19/2022,5/17/2022,36,96828.39,88852.32,Delayed
172,8571,CustomerConnect Implementation 19,6/10/2023,9/29/2023,10/7/2023,43,40592.57,44458.47,Completed
2727,8573,ProjectTrackerPro Implementation 49,10/21/2024,6/4/2025,6/11/2025,78,92814.08,83236.32,Planned
3077,8574,RevenueManager Implementation 25,2/2/2020,4/11/2020,4/13/2020,4,83980.5,98009.82,Planned
510,8578,FinanceFlow Implementation 36,7/28/2022,12/30/2022,1/5/2023,93,93762.72,89914.98,In Progress
2538,8578,OrderManager Implementation 11,9/30/2023,7/2/2024,7/14/2024,29,70470.84,57804.86,Planned
338,8580,RevenueManager Implementation 3,1/25/2025,4/25/2025,5/3/2025,89,46501.24,46721.56,Delayed
1548,8580,FinanceMax Implementation 15,2/26/2022,6/16/2022,6/16/2022,17,51211.26,44909.39,Delayed
1542,8582,RetailProPlus Implementation 9,10/13/2022,3/18/2023,4/9/2023,83,75987.44,70379.13,Delayed
1212,8583,ProjectSyncPro Implementation 46,7/5/2020,2/17/2021,3/19/2021,33,10125.52,11105.54,In Progress
1041,8584,CRM FlowPro Implementation 34,10/18/2025,9/11/2026,10/7/2026,22,5194.68,4717.08,Completed
3044,8597,InvoiceMax Implementation 9,11/23/2020,9/12/2021,10/2/2021,9,91011.6,101837.12,Delayed
2582,8601,RevenueManager Implementation 49,4/24/2020,6/5/2020,6/16/2020,48,54281.46,50538.78,Delayed
1705,8604,AnalyticsCloudPro Implementation 19,9/17/2023,4/18/2024,5/18/2024,8,49899.21,53709.34,Delayed
3289,8607,ClientPortal Implementation 24,1/20/2024,4/12/2024,5/10/2024,3,62654.84,54246.42,Delayed
1007,8608,CustomerHub Implementation 17,4/29/2020,11/7/2020,11/17/2020,25,60903.29,60288.41,In Progress
1721,8608,SalesBoost Implementation 40,7/19/2023,3/14/2024,4/6/2024,97,88102.13,77187.96,In Progress
1419,8611,MarketingTrackerPro Implementation 49,10/27/2024,3/2/2025,3/30/2025,98,80269.4,94971.33,Planned
2772,8612,AnalyticsCloudPro Implementation 28,3/8/2025,6/25/2025,7/11/2025,68,86808.37,81020.87,Delayed
1035,8613,CustomerPro Implementation 45,8/12/2025,3/9/2026,4/4/2026,31,97556.19,102931.23,Planned
2411,8624,ProjectFlow Implementation 13,7/14/2022,11/3/2022,11/18/2022,3,49663.84,55722.3,Completed
3273,8624,SupplierLink Implementation 39,6/27/2020,7/31/2020,8/21/2020,69,37073.34,41073.97,Completed
1739,8626,RevenueCloudPro Implementation 28,2/7/2024,4/18/2024,4/20/2024,15,95397.27,80991.15,Delayed
946,8631,RetailFlowPro Implementation 48,7/4/2025,12/8/2025,12/8/2025,38,98207.82,85328.01,Planned
639,8633,AnalyticsSyncPro Implementation 19,2/20/2025,1/29/2026,2/25/2026,24,23656.34,25595.45,Planned
460,8634,FinanceTracker Implementation 24,8/31/2020,3/6/2021,3/25/2021,69,25323.66,21606.51,Planned
50,8638,InventoryMax Implementation 24,12/3/2022,11/24/2023,12/9/2023,25,98883.47,81411.48,Completed
468,8638,TaskSyncPro Implementation 31,12/8/2025,9/25/2026,10/25/2026,15,30707,24790.61,In Progress
856,8638,ERPCloud Implementation 20,10/16/2023,6/15/2024,6/19/2024,16,98713.19,84763.69,Planned
682,8639,RetailSyncPro Implementation 5,8/26/2020,12/19/2020,1/14/2021,100,94870.5,81699.46,Planned
3381,8639,DataManager Implementation 13,9/30/2024,2/27/2025,3/5/2025,78,93169.1,90968.62,Planned
1385,8640,RevenueManager Implementation 45,11/6/2021,5/30/2022,6/5/2022,17,48896.6,48092.66,Delayed
653,8649,CRMPro Implementation 24,10/8/2025,7/1/2026,7/30/2026,93,9343.69,10426.14,Planned
3380,8649,SupportManagerPro Implementation 43,3/12/2021,4/11/2021,4/20/2021,49,21942.7,18384,Delayed
1647,8652,TaskTracker Implementation 37,2/24/2021,6/7/2021,6/8/2021,27,42518.84,45125.49,In Progress
2515,8657,SupportTrackerPro Implementation 42,12/30/2024,1/29/2025,2/17/2025,5,1355.69,1127.6,Delayed
16,8668,ERP TrackerPro Implementation 32,12/25/2024,10/15/2025,11/6/2025,45,51496.43,60136.3,In Progress
2276,8678,TaskMaster Implementation 1,1/15/2021,10/2/2021,10/16/2021,82,45135.7,46016.12,Delayed
3348,8680,AnalyticsTrackerPro Implementation 29,8/24/2021,3/29/2022,4/24/2022,8,47543.62,53522.42,Delayed
1976,8684,SupplierLink Implementation 29,9/11/2020,3/31/2021,4/3/2021,91,94030.01,76026.57,Planned
562,8685,InvoiceTrackerProPlus Implementation 43,5/12/2021,2/12/2022,2/20/2022,54,41049.84,33346.68,Completed
3398,8686,SupportMaxPro Implementation 46,6/27/2023,12/15/2023,12/31/2023,34,11510.41,12009.62,Planned
1405,8698,CustomerConnect Implementation 6,12/29/2023,3/5/2024,3/10/2024,28,34003.7,37294.04,In Progress
2670,8701,RetailSyncPro Implementation 7,8/16/2025,10/31/2025,11/26/2025,51,13232.41,12951.05,Planned
744,8702,ClientManager Implementation 14,6/22/2024,12/30/2024,1/12/2025,44,34704.87,38531.01,In Progress
1327,8704,SupportDesk Implementation 45,8/19/2022,4/7/2023,5/2/2023,11,18744.97,19269.54,In Progress
1380,8704,RetailCloudPro Implementation 28,4/18/2024,1/2/2025,1/3/2025,32,89639.13,81633.92,In Progress
3371,8706,CRM FlowPro Implementation 18,5/5/2023,11/18/2023,12/6/2023,48,38173.06,45749.34,In Progress
1429,8709,MarketingTracker Implementation 28,1/21/2025,6/23/2025,7/1/2025,1,48455.48,53512.85,Completed
2743,8710,ExpenseTrack Implementation 37,8/2/2023,7/7/2024,7/23/2024,25,87664.53,102993.04,Completed
90,8715,LeadSuite Implementation 12,11/7/2023,10/5/2024,10/5/2024,7,59287.29,49970.73,In Progress
1783,8715,LeadHunter Implementation 14,3/5/2022,2/18/2023,3/1/2023,77,36796.86,38594.16,In Progress
2398,8715,FinanceSuite Implementation 32,10/7/2023,7/15/2024,7/21/2024,65,31869.67,29837.78,In Progress
1718,8716,SalesTrackerPro Implementation 30,11/26/2021,9/10/2022,10/4/2022,79,15835.01,14683.95,Planned
3386,8716,CustomerTrackerPro Implementation 31,10/15/2022,6/17/2023,6/28/2023,77,66012.74,68158.33,Completed
2995,8721,ProjectSyncPro Implementation 44,2/9/2023,3/24/2023,4/3/2023,86,73412.91,75805.68,Planned
1788,8722,ProfitTracker Implementation 44,8/30/2023,3/12/2024,3/18/2024,54,91624.84,107084.74,Delayed
2616,8729,ERP Suite Implementation 37,11/16/2023,3/30/2024,4/12/2024,51,44001.55,41399.45,Planned
2657,8730,FinanceCloud Implementation 42,8/23/2025,3/17/2026,3/19/2026,68,55365.66,51756.09,Planned
1642,8732,SupportSyncPro Implementation 45,3/17/2023,2/27/2024,2/28/2024,3,29541.27,29828.79,Delayed
198,8736,FinancePro Implementation 13,11/20/2020,3/16/2021,3/22/2021,6,94663.39,104786.8,Delayed
2068,8737,CustomerManager Implementation 47,5/13/2020,9/20/2020,10/14/2020,42,94020.34,82855.44,Planned
1179,8740,ProjectCloudPro Implementation 4,2/6/2021,1/31/2022,2/17/2022,35,22057.96,20618.47,In Progress
2744,8741,ProfitTracker Implementation 4,6/28/2023,11/30/2023,12/26/2023,95,23622.27,26601.07,Delayed
3199,8742,SalesManagerPro Implementation 7,3/25/2021,7/23/2021,7/30/2021,46,67212.89,69164.91,Planned
2037,8747,CustomerPro Implementation 27,2/18/2021,10/11/2021,11/7/2021,57,11468.64,10592.34,Completed
1318,8758,SalesSuite Implementation 34,3/31/2025,2/10/2026,2/23/2026,56,43816,42051.79,Completed
3390,8759,DataManager Implementation 38,4/15/2025,11/3/2025,12/3/2025,24,89799.36,104008.69,Planned
209,8761,SupportMaxPro Implementation 26,4/30/2024,7/19/2024,8/4/2024,7,39606.77,34298.68,In Progress
3193,8761,ProjectFlow Implementation 18,10/28/2024,2/13/2025,2/25/2025,87,74412.69,83222.33,Completed
1449,8770,RetailManager Implementation 17,1/22/2023,4/13/2023,4/16/2023,1,41486.13,42912.53,Completed
2406,8770,ProductivityPro Implementation 50,10/22/2022,6/1/2023,6/14/2023,17,12716.81,11424.43,Delayed
2537,8777,RetailMax Implementation 34,9/30/2025,6/5/2026,6/17/2026,14,36230.67,29581,Completed
559,8786,CustomerConnect Implementation 45,7/22/2020,4/30/2021,5/14/2021,64,21098.39,18460.21,In Progress
217,8792,TeamCloudPro Implementation 3,1/18/2023,2/22/2023,3/23/2023,7,56475.31,54260.35,Delayed
2940,8792,CRM Plus Implementation 29,1/19/2022,7/11/2022,7/12/2022,67,71875.89,60573.82,In Progress
2840,8798,MarketingTrackerPro Implementation 16,4/6/2020,11/29/2020,12/22/2020,98,55878.17,45543.08,Delayed
453,8799,MarketingCloudPro Implementation 48,8/2/2023,1/29/2024,2/3/2024,75,82830.57,88472.23,Delayed
434,8803,SmartTeam Implementation 3,1/27/2023,3/16/2023,3/30/2023,77,98022.36,113407.27,Planned
1305,8805,FinanceTrackerPro Implementation 43,6/11/2024,6/11/2025,6/21/2025,39,72676.93,59357.34,In Progress
204,8808,ExpensePro Implementation 49,4/21/2025,8/3/2025,8/28/2025,18,44188.48,36821.31,Delayed
1998,8814,CloudERP Implementation 4,9/24/2023,1/31/2024,2/12/2024,21,52206.37,50760.63,Planned
2761,8814,SupportFlowPro Implementation 15,5/4/2021,11/20/2021,12/11/2021,21,38096.18,45294.6,Completed
2305,8823,CustomerFlowPro Implementation 16,3/13/2021,10/13/2021,11/11/2021,64,4017.14,3626.99,Completed
3025,8824,RetailProPlus Implementation 29,10/14/2023,9/16/2024,10/3/2024,19,78491.15,92127.31,Delayed
743,8833,BudgetCloud Implementation 24,9/14/2024,4/14/2025,5/9/2025,17,28658.77,27026.65,Planned
1574,8839,TaskCloud Implementation 12,10/7/2023,2/29/2024,3/13/2024,19,73639.01,72601.65,In Progress
2660,8841,CustomerTrackerPro Implementation 12,7/23/2021,2/3/2022,2/27/2022,65,53226.66,47723.04,Planned
227,8844,TaskMasterPro Implementation 22,5/26/2025,11/18/2025,11/29/2025,21,69931.06,83477.87,Delayed
1927,8846,ExpenseManagerPro Implementation 7,8/19/2024,8/9/2025,8/20/2025,71,82587.24,95486.77,In Progress
1474,8847,AdTracker Implementation 32,4/20/2022,1/13/2023,2/4/2023,7,43197.2,42290.24,In Progress
745,8849,LeadSuite Implementation 45,1/24/2020,7/3/2020,8/1/2020,26,53712.97,46068.84,Delayed
963,8851,ProfitTracker Implementation 8,3/9/2022,10/8/2022,11/7/2022,20,40616.58,41757.19,Delayed
1651,8852,RevenueTrackerPro Implementation 20,3/28/2021,12/24/2021,12/31/2021,80,35279.86,39909.76,Planned
2342,8864,BudgetCloud Implementation 31,8/4/2024,7/1/2025,7/17/2025,57,60538.71,66618.2,Delayed
160,8870,RevenueFlowPro Implementation 7,4/18/2020,10/9/2020,11/7/2020,34,78430.04,74934.22,In Progress
3218,8871,SmartSales Implementation 33,4/16/2025,1/22/2026,2/6/2026,51,78675.19,75734.72,Planned
2119,8873,BudgetMaster Implementation 15,8/25/2024,1/15/2025,1/23/2025,77,42153.05,37285.59,Delayed
1229,8877,DataCloud Implementation 11,7/29/2024,12/5/2024,12/17/2024,2,80947.23,67078.53,Delayed
480,8878,CampaignManager Implementation 41,3/26/2020,6/3/2020,6/17/2020,40,12171.2,9879.04,Planned
1164,8885,ProjectPro Implementation 6,4/30/2022,9/27/2022,10/10/2022,90,2773.95,2818.51,In Progress
1365,8885,InvoiceManager Implementation 39,12/5/2021,2/15/2022,2/17/2022,50,68270.24,55937.25,Planned
3192,8886,CustomerFlowPro Implementation 27,2/11/2020,10/27/2020,11/23/2020,86,65976.17,54504.81,Completed
2298,8893,DataSuite Implementation 43,5/20/2024,10/29/2024,11/15/2024,69,10304.96,12321.31,In Progress
3186,8893,TaskCloudPro Implementation 37,2/21/2021,6/30/2021,7/12/2021,57,19129.4,19102.23,In Progress
1421,8894,SupportMaxPro Implementation 31,9/21/2025,7/1/2026,7/17/2026,21,4016.6,4261.82,Planned
3393,8908,CustomerConnect Implementation 15,6/10/2025,3/27/2026,4/20/2026,48,80412.92,66722.95,Delayed
1744,8909,MarketingSuitePro Implementation 12,3/21/2021,9/13/2021,9/26/2021,57,18497.02,18532.01,Planned
696,8911,OrderManager Implementation 37,6/23/2024,11/29/2024,12/20/2024,91,75407.75,81046.16,Completed
1313,8912,TeamFlowPro Implementation 13,11/22/2022,9/9/2023,9/28/2023,31,2496.1,2902.76,Completed
1010,8918,SmartQuote Implementation 32,11/25/2020,1/6/2021,1/11/2021,71,44617.67,50851.17,Completed
3486,8922,SmartBilling Implementation 36,11/9/2021,8/20/2022,9/18/2022,55,50534.02,58009.52,Delayed
2221,8927,ProjectMax Implementation 8,10/18/2020,8/28/2021,9/12/2021,70,27487.3,32752.58,In Progress
3201,8928,RevenueTrackerPro Implementation 15,2/23/2025,2/5/2026,2/13/2026,30,9843.21,8831.9,Completed
3143,8929,InvoiceCloud Implementation 23,8/29/2024,10/10/2024,10/30/2024,72,21304.3,21851.25,Delayed
2518,8935,RetailSuitePro Implementation 22,8/19/2020,7/5/2021,7/14/2021,81,3289.78,3853.48,Delayed
2080,8936,CRM CloudPro Implementation 50,9/13/2020,1/13/2021,2/12/2021,92,48094.16,50565.75,Planned
1309,8939,RevenueFlowPro Implementation 6,1/23/2022,10/14/2022,11/1/2022,88,94515.77,99981.92,Delayed
55,8940,TeamCloudPro Implementation 34,6/14/2021,3/30/2022,3/30/2022,69,71364.58,71958.22,In Progress
2275,8941,TimeTracker Implementation 36,4/4/2023,11/16/2023,11/25/2023,72,43313.33,39463.97,Planned
1780,8947,FinanceFlowPro Implementation 5,11/27/2020,7/11/2021,7/29/2021,15,46050.17,46046.71,In Progress
3124,8948,AnalyticsHub Implementation 38,9/27/2024,8/31/2025,9/8/2025,82,45195.93,39468.37,Delayed
602,8950,DocuManage Implementation 7,1/29/2023,4/25/2023,4/29/2023,79,31651.15,29012.89,Planned
1606,8952,RetailCloudPro Implementation 5,7/27/2022,7/13/2023,7/27/2023,67,28959.08,28227.29,In Progress
3171,8952,HR Manager Implementation 16,8/6/2021,11/19/2021,12/15/2021,89,45294.83,47008.37,Planned
2581,8954,LeadPro Implementation 17,7/29/2022,9/25/2022,10/25/2022,55,31738.27,36735.57,In Progress
951,8964,HR Suite Implementation 10,6/5/2024,4/21/2025,5/17/2025,78,16406.76,16055.22,In Progress
3355,8969,LeadMax Implementation 24,7/25/2025,10/5/2025,10/22/2025,100,95829.13,105555.8,In Progress
3051,8975,FinanceFlow Implementation 34,11/21/2024,2/28/2025,3/5/2025,71,96345.17,99604.67,In Progress
293,8976,FinanceCloud Implementation 19,5/6/2020,6/16/2020,6/26/2020,51,10238.22,8416.41,In Progress
1767,8977,CustomerFlowPro Implementation 3,6/19/2024,4/15/2025,5/2/2025,20,61571.47,73220.45,In Progress
486,8979,ProjectMax Implementation 3,11/20/2023,10/10/2024,11/8/2024,79,82467,71625.93,Planned
1228,8979,InvoicePro Implementation 41,3/16/2020,11/23/2020,11/25/2020,90,99921.85,105410.73,Planned
1654,8979,SupportTrackerPro Implementation 1,10/26/2020,4/24/2021,5/4/2021,34,64071.79,68197.31,In Progress
988,8982,InvoicePro Implementation 21,1/18/2022,5/29/2022,6/28/2022,73,90922.4,73189.8,Delayed
514,8983,AnalyticsCloudPro Implementation 14,2/21/2023,5/10/2023,5/25/2023,2,52019.93,60786.89,In Progress
351,8993,ProjectManagerPro Implementation 13,5/16/2021,9/27/2021,10/22/2021,92,35109.99,29616.64,Completed
2696,8994,HR Suite Implementation 42,3/16/2025,9/30/2025,10/19/2025,60,50423.11,50804.28,Delayed
2113,8996,BudgetCloud Implementation 48,9/8/2024,6/15/2025,6/23/2025,92,88349.29,103752.6,Completed
361,9002,CustomerTrackerPro Implementation 9,6/27/2025,12/10/2025,12/10/2025,71,22770.99,23955.97,Completed
2871,9002,HR Manager Implementation 34,4/15/2020,2/14/2021,2/19/2021,20,91712.37,79656.11,Delayed
1978,9004,SupportDesk Implementation 30,1/6/2021,12/29/2021,1/8/2022,59,55033.32,59581.26,In Progress
2097,9005,RetailSuitePro Implementation 47,10/14/2022,5/22/2023,6/1/2023,89,89450.28,77512.75,Delayed
2992,9005,OrderSuite Implementation 26,2/12/2022,10/22/2022,10/31/2022,1,10252.32,10959.94,Delayed
1450,9006,CustomerManagerPro Implementation 28,1/15/2025,6/30/2025,7/2/2025,6,64773.48,62963.82,Delayed
1060,9011,SalesManagerPro Implementation 28,2/3/2022,3/21/2022,3/21/2022,30,77449.64,92534.4,Delayed
1198,9013,SupplierLink Implementation 34,11/13/2022,2/28/2023,3/28/2023,79,42574.24,46154.35,Completed
557,9015,ERP CloudPro Implementation 48,1/27/2023,1/3/2024,1/22/2024,79,27362.83,29225.42,Planned
1822,9018,CRM FlowPro Implementation 43,11/30/2021,1/20/2022,1/31/2022,62,21963.94,19551.83,Completed
1657,9021,InvoiceTrackerProPlus Implementation 40,4/16/2025,6/6/2025,6/30/2025,18,32788.8,27521.04,Delayed
789,9030,LeadManagerPro Implementation 24,12/5/2025,4/3/2026,4/22/2026,31,99549.75,83566.12,Completed
2395,9035,HR Suite Implementation 35,2/15/2021,8/26/2021,9/12/2021,22,6847.76,7219.8,Planned
2915,9035,SupportDesk Implementation 6,6/20/2020,10/18/2020,10/22/2020,31,89730.28,87744.17,In Progress
1366,9043,ProjectFlowPro Implementation 6,10/1/2022,4/1/2023,4/12/2023,26,76578.01,82020.85,In Progress
616,9045,TaskManagerPro Implementation 48,3/19/2023,9/13/2023,10/2/2023,71,41846.49,43389.86,Planned
1004,9045,InvoiceFlowPro Implementation 47,10/5/2024,2/7/2025,3/6/2025,53,52460.63,55740.19,Planned
1951,9047,InvoicePro Implementation 32,10/1/2022,7/3/2023,7/11/2023,62,56367.06,50390.5,Planned
327,9048,BudgetPlanner Implementation 1,11/23/2020,2/24/2021,3/4/2021,92,65075.74,63279.11,Planned
1537,9053,CRM Max Implementation 1,7/18/2025,11/20/2025,12/13/2025,89,25026.95,22240.34,In Progress
2407,9057,SmartSales Implementation 32,7/18/2020,11/23/2020,11/26/2020,30,92516.6,86491.33,Completed
851,9060,AdTracker Implementation 27,10/10/2020,2/5/2021,2/26/2021,87,12434.27,11047.85,Delayed
3015,9060,CRM CloudPro Implementation 40,2/12/2025,2/9/2026,3/11/2026,73,82683.29,68113.37,Completed
1077,9061,ERP Max Implementation 39,11/20/2021,9/30/2022,10/21/2022,73,71554.17,67020.71,Completed
2676,9062,InvoiceTracker Implementation 16,11/27/2020,6/13/2021,7/6/2021,48,35853.76,37885.27,In Progress
2967,9071,LeadSyncPro Implementation 27,11/8/2025,9/7/2026,9/7/2026,55,53627.18,48987.57,In Progress
2499,9072,ProjectFlow Implementation 25,7/10/2025,3/21/2026,4/4/2026,97,50831.3,59231.98,Planned
2394,9074,MarketingFlowPro Implementation 11,6/30/2022,12/18/2022,12/24/2022,64,88987.97,88559.41,Delayed
3119,9075,InvoiceManager Implementation 34,11/10/2024,9/9/2025,9/13/2025,93,99995.34,87959.9,Delayed
264,9077,OrderCloud Implementation 17,5/16/2020,10/27/2020,11/7/2020,80,77591.82,90636.9,In Progress
969,9079,ExpensePro Implementation 46,11/14/2024,5/17/2025,5/27/2025,63,6346.7,6996.65,Planned
942,9081,SalesCloudPro Implementation 41,1/16/2024,8/18/2024,9/5/2024,45,66496.98,54034.52,Planned
636,9083,AnalyticsMax Implementation 41,9/10/2020,12/22/2020,1/18/2021,66,71997.16,79555.67,Delayed
2321,9083,TaskManagerPro Implementation 34,11/12/2020,2/13/2021,2/18/2021,58,50905.38,46178.77,Completed
1091,9089,TeamSync Implementation 27,6/24/2025,5/6/2026,5/10/2026,3,31531.19,28919.69,Planned
1565,9093,RetailSuitePro Implementation 1,9/9/2023,1/8/2024,1/11/2024,61,46464.1,44345.63,Completed
395,9095,ProjectCloudPro Implementation 44,1/11/2023,7/23/2023,7/29/2023,15,3195.15,3508.02,Completed
2008,9096,ProjectTracker Implementation 8,4/27/2020,10/20/2020,11/12/2020,56,54868.19,46712.65,Planned
2628,9099,CRM CloudPro Implementation 16,9/16/2021,4/19/2022,4/19/2022,34,70409.78,60754.2,In Progress
1777,9102,SmartBilling Implementation 48,5/5/2022,8/16/2022,8/23/2022,1,78360.98,71750.42,Completed
1955,9102,AnalyticsSyncPro Implementation 47,11/5/2023,12/5/2023,12/5/2023,96,68784.11,72111.63,Delayed
1914,9103,RetailTrackerPro Implementation 1,5/25/2024,9/29/2024,10/17/2024,95,19153.09,22409.48,Planned
2300,9104,ProjectManager Implementation 28,3/6/2022,9/30/2022,10/28/2022,81,29403.78,32083.77,Completed
1958,9105,ProjectSync Implementation 40,9/12/2023,12/28/2023,1/4/2024,15,1582.25,1272.1,Planned
1285,9108,SalesTrackerPro Implementation 14,1/2/2021,4/6/2021,5/5/2021,100,79258.34,67839.46,In Progress
207,9109,SupportTrackerPro Implementation 15,5/30/2024,10/23/2024,11/7/2024,70,94623.48,105164.57,Completed
1801,9109,RetailSuite Implementation 32,12/14/2022,11/28/2023,12/23/2023,40,37563.59,41723.46,Completed
2078,9110,RevenueMax Implementation 11,11/17/2025,5/21/2026,6/20/2026,69,91653.89,87545.88,Planned
3409,9118,RetailPro Implementation 5,7/17/2024,9/19/2024,10/8/2024,54,55039.12,54660.99,In Progress
1092,9129,TaskMax Implementation 50,6/17/2020,9/4/2020,9/27/2020,94,38141.88,35132.69,In Progress
1814,9132,ERPCloud Implementation 14,10/10/2020,6/21/2021,7/10/2021,95,34180.48,37998.69,Planned
961,9137,AnalyticsMax Implementation 48,2/2/2021,11/29/2021,12/8/2021,87,28348.36,28328.14,Planned
2861,9139,ReportMaster Implementation 16,6/16/2021,1/17/2022,1/30/2022,30,9148.59,10796.61,In Progress
1883,9143,RetailProPlus Implementation 31,4/10/2022,12/13/2022,12/14/2022,41,48064.75,41858.36,Planned
2895,9143,ProjectMax Implementation 34,9/2/2021,1/3/2022,2/1/2022,19,89972.57,101816.75,In Progress
22,9153,CloudERP Implementation 7,7/10/2021,10/28/2021,11/15/2021,80,20667.77,21934.17,In Progress
3235,9154,TaskCloudPro Implementation 46,10/28/2020,4/10/2021,4/20/2021,26,56321.91,61915.51,Completed
153,9155,ProjectSuite Implementation 41,2/26/2021,2/2/2022,2/11/2022,12,66921.68,53651.03,Planned
2158,9166,InvoiceMax Implementation 6,12/2/2021,4/18/2022,5/8/2022,76,12699.01,11015.25,Planned
1701,9178,RevenueFlowPro Implementation 25,1/30/2021,4/2/2021,5/2/2021,87,44812.18,48615.14,Delayed
1816,9178,CRM Max Implementation 13,10/4/2022,8/19/2023,9/13/2023,18,32581.4,32690.76,Planned
1873,9180,TeamSyncPro Implementation 11,7/18/2024,9/7/2024,9/18/2024,99,75461.06,81612.47,Completed
2774,9186,OrderCloud Implementation 22,10/11/2022,5/24/2023,6/21/2023,22,59656.78,54129.19,Planned
586,9187,CustomerFlowPro Implementation 18,5/30/2023,3/18/2024,3/18/2024,81,63456.38,55215.82,In Progress
360,9189,SupportMaxPro Implementation 49,9/8/2022,4/6/2023,5/4/2023,84,26902.83,26976.49,Delayed
1061,9191,ExpenseManagerPro Implementation 3,2/10/2023,8/15/2023,9/5/2023,55,66730.11,59632.67,In Progress
2839,9194,LeadCloudPro Implementation 23,8/20/2020,8/17/2021,9/2/2021,49,94377.85,103451.21,Planned
2701,9196,AnalyticsMax Implementation 41,11/21/2020,11/14/2021,12/6/2021,28,92141.27,85611.52,Delayed
1432,9200,TaskTrackerPro Implementation 2,3/27/2023,12/29/2023,1/18/2024,86,48231.93,41361.48,Completed
2091,9201,SupplierLink Implementation 16,7/18/2020,12/2/2020,12/6/2020,27,79789.47,83416.76,Completed
1447,9204,ProjectHub Implementation 9,4/25/2024,10/18/2024,10/22/2024,19,85038.32,96452.44,Delayed
2722,9205,HR Suite Implementation 2,9/16/2021,1/6/2022,1/26/2022,26,35463.89,29709.32,Planned
1407,9209,MarketingFlowPro Implementation 11,6/26/2023,3/1/2024,3/28/2024,9,82002.12,66335.1,Completed
3088,9210,ERP Suite Implementation 11,7/7/2021,5/19/2022,6/16/2022,24,15391.52,17451.13,In Progress
69,9213,TeamMax Implementation 22,8/9/2023,10/4/2023,10/13/2023,28,64690.29,60535.74,Delayed
1256,9213,OrderManager Implementation 48,9/15/2023,2/24/2024,2/26/2024,97,28638.56,26860.29,In Progress
587,9219,InvoicePro Implementation 41,4/8/2024,8/28/2024,9/10/2024,4,48921.53,52723.92,Planned
1232,9219,InvoiceFlowPro Implementation 49,8/8/2020,2/14/2021,3/7/2021,10,73976.33,88193.09,Planned
1635,9219,SmartQuote Implementation 8,3/6/2025,5/22/2025,6/4/2025,54,63376.27,68527.67,Planned
179,9222,AdTracker Implementation 5,10/16/2023,6/27/2024,7/1/2024,91,55694.97,58110.96,Completed
3033,9225,CustomerManagerPro Implementation 49,11/28/2020,12/28/2020,12/28/2020,10,83501.77,87923.85,Delayed
848,9229,TaskMasterPro Implementation 19,10/31/2025,9/17/2026,10/2/2026,68,40417.17,37187.05,Completed
3288,9229,ExpenseTrack Implementation 31,10/25/2020,9/18/2021,10/15/2021,64,23201.64,24152.61,In Progress
985,9232,AnalyticsSuite Implementation 13,1/19/2024,3/19/2024,4/17/2024,81,21610.62,23495.81,Delayed
3227,9232,AnalyticsCloudPro Implementation 40,11/12/2021,1/6/2022,1/30/2022,22,94165.88,99768.74,Delayed
1051,9235,AnalyticsFlowPro Implementation 44,3/13/2020,11/16/2020,11/16/2020,91,60102.88,50273.13,In Progress
3160,9241,MarketingCloud Implementation 2,12/24/2025,11/23/2026,12/9/2026,48,18653.15,16623.93,In Progress
892,9244,ProfitMax Implementation 25,5/4/2023,12/14/2023,12/23/2023,44,19772.21,19700.22,Completed
2664,9245,SmartBilling Implementation 44,2/25/2020,12/13/2020,1/10/2021,68,34975.05,40179.55,In Progress
3250,9250,CRM Plus Implementation 15,7/7/2024,10/5/2024,10/16/2024,70,82924.53,84676.85,Planned
733,9251,CampaignManager Implementation 2,10/5/2020,6/28/2021,7/15/2021,11,78672.96,63230.55,Planned
1908,9265,AnalyticsCloud Implementation 31,2/12/2021,11/4/2021,11/19/2021,44,58576.95,57462.67,Planned
2419,9266,ProductivityPro Implementation 22,7/26/2024,4/3/2025,5/3/2025,56,77443.14,81082.16,Planned
974,9268,TaskMaster Implementation 25,7/27/2020,3/7/2021,3/10/2021,83,80990.93,78269.35,In Progress
578,9271,LeadSuite Implementation 5,7/15/2023,6/18/2024,7/11/2024,74,30208.77,27310.21,Planned
1458,9271,TaskTrackerPro Implementation 48,6/30/2025,8/7/2025,8/27/2025,99,10950.41,9401.81,In Progress
88,9272,ClientManager Implementation 19,5/3/2023,11/23/2023,11/28/2023,68,43662.07,46875.85,Delayed
1148,9273,FinanceTracker Implementation 30,2/27/2022,4/6/2022,4/20/2022,14,87379.64,101039.89,In Progress
73,9277,ProjectCloudPro Implementation 34,5/3/2024,10/7/2024,10/10/2024,29,21771.7,23455.01,Planned
2149,9277,SalesBoost Implementation 35,5/21/2023,4/2/2024,4/14/2024,46,9466.26,7818.96,Planned
1629,9287,ProjectTrackerPro Implementation 8,6/24/2020,6/19/2021,6/23/2021,68,58036.64,50537.74,Planned
3249,9288,TeamFlowPro Implementation 18,9/13/2025,1/12/2026,1/20/2026,75,60974.93,54125.43,Completed
2254,9290,LeadTrackerPro Implementation 4,6/14/2025,4/11/2026,4/18/2026,37,90775.08,96784.38,Delayed
1560,9291,AnalyticsManagerPro Implementation 48,1/12/2025,9/21/2025,10/13/2025,37,78531.87,64152.68,Delayed
3489,9291,FinanceCloud Implementation 9,4/29/2025,11/22/2025,11/27/2025,9,79085.29,69885.1,Planned
458,9292,ProjectCloud Implementation 28,10/21/2021,10/2/2022,10/16/2022,21,66122.84,57332.69,Completed
1836,9293,SalesFlowPro Implementation 45,8/11/2022,6/30/2023,7/30/2023,49,53237.5,43992.61,In Progress
1695,9296,FinanceFlowPro Implementation 41,2/29/2024,8/18/2024,9/3/2024,58,82194.02,82819.32,In Progress
1535,9302,FinanceCloudPro Implementation 43,2/24/2021,6/22/2021,6/24/2021,29,94956.86,93625.99,In Progress
1915,9302,RevenuePro Implementation 23,7/8/2023,5/10/2024,6/6/2024,81,7951.33,6868.58,In Progress
3114,9308,CustomerTrackerPro Implementation 30,10/30/2023,3/8/2024,3/18/2024,31,71877.56,79656.11,Completed
1479,9309,SmartSales Implementation 32,12/8/2021,8/28/2022,9/12/2022,11,15231.89,13171.84,Delayed
919,9313,InvoiceTracker Implementation 16,1/23/2025,7/31/2025,8/14/2025,9,73389.13,77763.71,Delayed
842,9319,ExpenseTrack Implementation 37,12/26/2020,6/7/2021,6/30/2021,41,93624.05,95663.98,Completed
539,9321,AnalyticsCloudPro Implementation 24,12/9/2022,8/16/2023,9/8/2023,6,53159.61,57101.54,In Progress
2032,9321,TeamCloud Implementation 21,4/7/2022,8/30/2022,9/26/2022,73,75519.63,73637.93,Planned
467,9322,RevenuePro Implementation 2,7/12/2022,8/19/2022,8/23/2022,72,34827.04,38747.71,In Progress
594,9326,SmartSales Implementation 50,5/27/2022,10/20/2022,10/25/2022,80,94976.86,82728,Planned
2752,9333,ServiceDesk Implementation 22,1/5/2023,2/20/2023,3/21/2023,48,80527.42,88097.85,Completed
1740,9337,ERPPro Implementation 30,6/2/2024,12/27/2024,1/14/2025,99,72727.39,75910.48,Planned
3144,9339,ProjectSync Implementation 21,7/27/2025,12/27/2025,1/19/2026,92,3059.87,2833.91,Delayed
1172,9342,TeamFlow Implementation 50,3/7/2024,6/2/2024,6/20/2024,73,98308.03,106752.35,Delayed
1526,9349,ExpenseFlowPro Implementation 9,1/14/2025,11/24/2025,12/22/2025,39,31405.38,26601.51,In Progress
634,9350,TaskMasterPro Implementation 19,1/23/2022,8/23/2022,9/4/2022,1,35822.56,31100.35,Completed
1878,9350,InvoiceCloudPro Implementation 24,8/10/2023,2/5/2024,2/27/2024,50,96221.37,114755.47,Planned
2607,9352,SalesBoost Implementation 48,12/30/2021,4/3/2022,4/28/2022,33,58000.71,56853.3,Delayed
1507,9359,CustomerConnect Implementation 45,3/25/2025,9/7/2025,9/28/2025,10,62578.21,71917.88,Completed
406,9360,CustomerHub Implementation 32,3/6/2024,8/17/2024,9/10/2024,36,16648.4,18195,Delayed
134,9361,ExpenseManagerPro Implementation 43,10/26/2024,5/24/2025,5/31/2025,98,53790.85,51614.4,In Progress
148,9361,ERP FlowPro Implementation 24,9/4/2022,4/29/2023,5/9/2023,26,3595.24,3108.19,In Progress
208,9361,LeadMax Implementation 19,12/20/2022,3/21/2023,3/22/2023,83,51888.32,46940.34,In Progress
575,9365,MarketingMax Implementation 40,5/10/2022,11/2/2022,11/13/2022,25,89277.33,101040.68,Completed
613,9374,TeamCloud Implementation 2,11/23/2025,5/5/2026,5/19/2026,15,71942.72,77027.94,Planned
912,9374,TaskCloudPro Implementation 6,3/20/2020,8/23/2020,8/25/2020,78,59157.27,67602.34,Delayed
1171,9381,LeadTrackerPro Implementation 41,6/6/2023,9/28/2023,10/10/2023,62,61703.71,58306.7,Delayed
3497,9385,TimeTracker Implementation 37,6/29/2021,2/24/2022,3/15/2022,34,90342.47,100291.32,In Progress
3457,9389,SupportPro Implementation 16,9/11/2020,8/5/2021,8/28/2021,83,82625.35,90846.24,In Progress
2213,9391,AnalyticsProPlus Implementation 15,2/20/2023,1/9/2024,1/12/2024,56,9650.08,9150.83,Completed
2963,9401,TaskTrackerPro Implementation 26,5/9/2020,7/16/2020,7/31/2020,62,18266.62,17060.57,Delayed
2051,9405,CRM SyncPro Implementation 40,4/19/2024,7/9/2024,7/25/2024,35,5796.01,5013.43,Delayed
2842,9405,CustomerCloudPro Implementation 35,8/12/2021,4/19/2022,5/8/2022,32,92494.8,101682.74,Completed
1504,9406,ProjectCloudPro Implementation 38,10/29/2023,12/28/2023,1/11/2024,72,3322.48,3336.29,Planned
2522,9407,CustomerFlowPro Implementation 1,10/24/2025,10/15/2026,11/2/2026,66,97643.59,98654.06,In Progress
761,9408,SalesSyncPro Implementation 49,10/10/2024,5/30/2025,6/19/2025,97,87680.13,71064.05,Delayed
2038,9411,SalesForcePlus Implementation 31,7/16/2020,5/7/2021,5/7/2021,7,10269.65,8522.25,In Progress
23,9412,LeadPro Implementation 2,10/20/2020,4/6/2021,4/11/2021,24,18138.1,16587.77,Completed
1953,9420,ProjectManagerPro Implementation 26,11/27/2022,11/11/2023,11/20/2023,93,95436.34,100275.87,Delayed
3084,9421,SmartBilling Implementation 22,5/7/2025,6/10/2025,6/29/2025,30,61639.76,60882.27,Planned
1399,9426,InvoiceTracker Implementation 12,1/29/2024,12/10/2024,1/1/2025,28,30056.63,27024.21,Planned
316,9427,MarketingManagerPro Implementation 13,10/22/2020,2/27/2021,3/20/2021,20,4147.58,4962.82,In Progress
1214,9434,SupportManagerPro Implementation 37,3/7/2021,7/27/2021,7/31/2021,1,63628.16,70859.09,Delayed
215,9441,OrderSuite Implementation 29,12/29/2023,11/13/2024,12/11/2024,82,83528.86,99079.34,Planned
1693,9441,RevenueTracker Implementation 38,1/10/2021,12/29/2021,1/13/2022,25,84963.11,69749.25,Delayed
2899,9444,CRM Plus Implementation 45,11/24/2021,8/21/2022,9/9/2022,75,38269.18,39861.86,In Progress
1623,9445,ProfitMax Implementation 17,10/4/2020,4/27/2021,5/27/2021,27,8633.36,8740.55,Completed
449,9447,MarketingSuitePro Implementation 10,3/25/2025,10/28/2025,11/6/2025,33,52460.83,52623.98,Completed
185,9448,TaskSuite Implementation 21,7/18/2020,7/7/2021,7/26/2021,23,62932.95,72266.59,Planned
101,9449,TeamCloudPro Implementation 44,4/10/2020,12/25/2020,12/31/2020,39,73929.02,88449.89,In Progress
1014,9456,LeadManager Implementation 45,8/13/2023,4/14/2024,5/2/2024,31,7981.75,8717.1,In Progress
2869,9456,ProjectFlowPro Implementation 27,8/22/2020,2/11/2021,2/12/2021,59,40922.96,41810.43,In Progress
2201,9458,ProfitSuite Implementation 28,2/20/2025,12/1/2025,12/18/2025,47,53290.29,56145.73,Delayed
1720,9460,TeamSyncPro Implementation 19,3/12/2022,5/8/2022,5/26/2022,8,37591.95,38704.28,Planned
2117,9460,MarketingSuite Implementation 18,6/7/2025,8/19/2025,8/29/2025,42,14663.39,15984.33,Planned
285,9464,BudgetPlanner Implementation 43,10/13/2023,9/18/2024,10/8/2024,35,5757.23,6607.31,Completed
2500,9465,ExpensePro Implementation 41,9/19/2020,8/15/2021,8/29/2021,56,2192.86,2270.19,Completed
3057,9466,InventoryMax Implementation 22,1/20/2022,12/12/2022,1/10/2023,15,92364.88,88183.92,Planned
2845,9468,SupportTrackerPro Implementation 36,2/24/2020,9/3/2020,9/27/2020,24,44437.53,43259.91,Delayed
3112,9475,SalesPro Implementation 12,5/2/2024,11/27/2024,12/5/2024,56,96183.67,83751.2,In Progress
3428,9480,AdTracker Implementation 15,7/14/2022,7/4/2023,7/6/2023,67,61054.2,54258.75,Completed
799,9481,TeamSync Implementation 12,10/26/2021,6/20/2022,6/29/2022,26,97518.43,110814.46,Completed
520,9482,ERP Suite Implementation 25,11/6/2023,1/2/2024,1/6/2024,74,58356.24,63778.4,Planned
2638,9490,ProfitTracker Implementation 26,1/12/2025,10/11/2025,10/28/2025,79,4702.56,5590.4,Delayed
3072,9491,RevenueFlowPro Implementation 29,1/27/2024,10/19/2024,10/26/2024,42,33465.39,34555.93,Planned
2652,9495,ExpenseFlowPro Implementation 15,12/28/2023,9/18/2024,9/21/2024,29,94183.49,97693.88,Delayed
2530,9500,CustomerManager Implementation 39,6/7/2025,5/16/2026,6/2/2026,58,19263.57,15439.65,In Progress
1551,9503,SupportTrackerPro Implementation 26,1/7/2023,10/24/2023,11/22/2023,6,94968.83,97090.15,Completed
250,9505,DataCloud Implementation 50,8/20/2021,8/15/2022,8/26/2022,48,5942.79,6966.96,Delayed
2199,9510,RetailSuite Implementation 31,5/29/2020,3/6/2021,3/11/2021,72,13516.76,12478.24,Planned
2175,9511,RevenueMax Implementation 15,9/2/2023,8/26/2024,9/1/2024,57,91407.56,74964.42,Completed
1367,9519,AnalyticsHub Implementation 50,9/7/2024,2/16/2025,2/20/2025,11,13840.98,15304.79,Planned
3194,9520,FinanceTracker Implementation 12,4/3/2025,12/11/2025,12/22/2025,50,50964.98,48813.81,Completed
710,9521,ERP Max Implementation 22,8/20/2020,12/21/2020,12/31/2020,24,46075.93,38183,Planned
1173,9525,SupportCloudPro Implementation 25,8/8/2023,8/3/2024,8/10/2024,29,82072.33,81099.53,Completed
1456,9525,CRM TrackerPro Implementation 48,5/1/2020,2/20/2021,3/5/2021,77,70773.5,76883.81,Delayed
681,9528,ProductivityPro Implementation 47,1/6/2025,10/5/2025,10/10/2025,94,63728.98,60872.03,In Progress
2265,9528,SalesBoost Implementation 5,5/2/2020,12/15/2020,12/16/2020,74,78284.3,73442.15,Planned
3155,9536,LeadSuite Implementation 29,5/2/2021,1/22/2022,1/31/2022,45,77180.96,71854.9,Completed
3423,9537,InventoryFlow Implementation 39,12/25/2023,8/17/2024,8/31/2024,34,73000.01,80076.6,Delayed
952,9547,LeadCloudPro Implementation 23,11/2/2020,7/12/2021,7/22/2021,43,8959.49,9312.31,Completed
1133,9547,LeadSyncPro Implementation 18,2/8/2025,12/11/2025,12/27/2025,10,7327.94,7860.77,In Progress
694,9550,ClientCloud Implementation 27,11/13/2022,4/4/2023,4/27/2023,34,86802.06,70093.24,Planned
14,9551,CRM SyncPro Implementation 19,5/10/2024,11/7/2024,11/15/2024,82,61273.72,58699.11,Completed
3447,9551,TaskTrackerPro Implementation 13,7/28/2023,1/20/2024,2/8/2024,63,32742.84,31137.47,Delayed
3097,9552,CRM ManagerPro Implementation 40,7/1/2023,2/6/2024,2/29/2024,91,12113.26,10675.07,Planned
1306,9556,SalesForcePlus Implementation 10,9/24/2022,1/30/2023,2/23/2023,47,27395,22821.6,In Progress
2672,9557,TeamCloudPro Implementation 43,10/11/2024,4/10/2025,5/10/2025,58,31544.95,35476.76,In Progress
427,9560,DataManager Implementation 19,5/12/2024,7/1/2024,7/5/2024,66,80305.53,76778.16,Planned
1079,9563,TaskSyncPro Implementation 46,1/13/2025,9/27/2025,10/14/2025,16,39745.76,43903.56,In Progress
2543,9564,InvoiceFlowPro Implementation 23,9/22/2022,10/22/2022,10/28/2022,40,50163.47,40682.53,In Progress
2810,9568,SalesTrackerPro Implementation 3,7/16/2025,10/2/2025,10/8/2025,86,54022.24,60911.71,Completed
1727,9572,CustomerHub Implementation 35,11/26/2022,10/10/2023,10/10/2023,2,69135.79,69715.32,Completed
157,9574,AnalyticsManagerPro Implementation 33,9/9/2021,2/25/2022,3/8/2022,43,46934.51,49999.94,Completed
627,9575,ExpenseManagerPro Implementation 19,8/2/2025,10/28/2025,10/29/2025,17,8386.24,7229.29,Planned
117,9576,DataSuite Implementation 49,1/18/2025,3/18/2025,3/26/2025,55,51222.75,52527.5,Completed
846,9577,InvoiceManager Implementation 30,9/12/2022,7/2/2023,7/27/2023,12,25564.12,25625.54,Planned
629,9578,ClientCloud Implementation 2,9/19/2022,3/2/2023,3/6/2023,78,60322.24,57144.01,Planned
1358,9579,DocuFlow Implementation 26,11/12/2021,6/11/2022,6/13/2022,49,85177.55,100076.33,Completed
482,9583,DataVision Implementation 14,2/9/2022,11/9/2022,12/2/2022,96,28114.55,29521.8,Completed
2350,9585,MarketingPro Implementation 48,4/1/2023,3/15/2024,4/3/2024,22,83078.73,67659.69,In Progress
1650,9589,ProjectCloudPro Implementation 33,5/24/2024,5/17/2025,5/21/2025,57,25520.49,27584.61,In Progress
2421,9589,FinanceManagerPro Implementation 23,7/19/2025,9/2/2025,9/15/2025,46,45317.81,39926.45,Completed
2566,9592,TeamCloud Implementation 30,6/19/2025,11/21/2025,12/7/2025,35,66980.25,54732,Planned
865,9593,CRM ManagerPro Implementation 5,3/15/2021,12/13/2021,12/29/2021,30,71850.61,62384.42,In Progress
1663,9595,CustomerFlowPro Implementation 47,8/3/2021,2/13/2022,2/27/2022,76,73281.57,59098.41,Delayed
1970,9596,TimeTracker Implementation 14,6/2/2021,7/22/2021,7/22/2021,56,93646.3,82314.25,Planned
2716,9597,MarketTrack Implementation 15,12/4/2022,6/16/2023,7/8/2023,1,87078.91,93846.31,Completed
2231,9598,SupportSyncPro Implementation 27,11/7/2023,8/13/2024,9/8/2024,73,44126.34,38318.42,In Progress
2719,9609,OrderCloud Implementation 29,5/19/2021,1/27/2022,2/5/2022,94,60347.92,64912.2,In Progress
570,9610,RetailProPlus Implementation 23,4/23/2023,6/4/2023,6/5/2023,80,36664.48,31477.45,Completed
420,9613,FinanceSyncPro Implementation 37,4/29/2024,9/27/2024,9/30/2024,45,4961.83,5581.33,Planned
1907,9613,RevenueTrackerPro Implementation 14,10/29/2022,2/9/2023,2/19/2023,12,56821.25,55001.57,Completed
325,9620,AdManager Implementation 4,7/29/2020,9/5/2020,9/30/2020,24,94997.99,83465.3,Delayed
2859,9621,SupportMax Implementation 38,3/31/2024,3/1/2025,3/1/2025,14,29561.66,33688.58,Planned
1374,9625,FinanceTrackerPro Implementation 21,5/28/2020,5/14/2021,5/30/2021,30,20100.78,22511.93,Delayed
3106,9627,CRM ManagerPro Implementation 45,12/30/2023,7/10/2024,7/26/2024,95,33881.24,38323.37,Completed
3302,9627,MarketingSuite Implementation 42,1/9/2022,10/14/2022,11/8/2022,95,2524.56,2571.87,Planned
2369,9631,LeadTrackerPro Implementation 17,3/13/2021,12/29/2021,1/16/2022,41,71314.15,65054.48,In Progress
3204,9631,SalesSyncPro Implementation 15,6/1/2024,1/1/2025,1/5/2025,91,98839.99,96268.24,In Progress
1015,9638,LeadCloud Implementation 1,10/9/2022,7/16/2023,7/16/2023,58,9587.86,9109.76,Delayed
2794,9640,ProjectFlow Implementation 23,2/12/2025,11/14/2025,11/25/2025,36,93818.68,109982.98,Completed
3286,9642,TeamSync Implementation 28,6/16/2025,9/11/2025,9/16/2025,34,18585.05,15070.56,Delayed
463,9647,AdManager Implementation 4,11/17/2024,2/8/2025,3/1/2025,1,71749.44,84433.27,Completed
2569,9651,TeamSuite Implementation 27,9/8/2021,3/7/2022,3/20/2022,60,5910.66,6672.51,Completed
1810,9652,OrderCloud Implementation 23,8/2/2021,3/2/2022,3/15/2022,98,44960.64,51125.68,Planned
1274,9655,RevenueTrackerPro Implementation 3,8/9/2025,11/28/2025,12/16/2025,57,74383.05,62004.98,Completed
3212,9655,RevenueManagerPro Implementation 20,10/23/2021,6/3/2022,6/5/2022,8,49263.31,59080.41,In Progress
2734,9659,LeadPro Implementation 3,7/28/2025,12/13/2025,12/23/2025,63,59849.11,60217.64,Planned
3014,9661,TaskFlowPro Implementation 1,3/1/2020,4/4/2020,4/15/2020,94,49031.41,56315.02,Completed
3027,9662,MarketingPro Implementation 15,11/6/2021,1/29/2022,2/10/2022,59,31313.37,27885.41,Delayed
857,9663,OrderFlow Implementation 46,12/4/2021,2/6/2022,2/15/2022,23,49429.92,56633.03,Completed
2125,9664,SupportTrackerPro Implementation 49,10/10/2020,7/21/2021,8/10/2021,47,43520.05,46801.5,Planned
2663,9664,RevenueManagerPro Implementation 28,8/21/2023,6/1/2024,6/21/2024,88,77232.87,63419.29,Planned
1107,9666,ERP Max Implementation 41,12/25/2024,11/22/2025,11/29/2025,50,46029.12,51384.75,Planned
1487,9676,InvoiceCloudPro Implementation 32,1/12/2022,12/12/2022,12/19/2022,12,70156.34,81816.58,Planned
404,9679,TaskFlowPro Implementation 4,5/22/2025,3/28/2026,4/13/2026,79,40486.93,32416.83,In Progress
2220,9680,ProjectCloud Implementation 29,6/11/2021,4/5/2022,5/1/2022,2,35802.74,39551.99,In Progress
3131,9682,InvoiceManagerPro Implementation 16,5/20/2023,1/16/2024,1/17/2024,1,71484.6,62735.4,Completed
2249,9683,ProjectManager Implementation 8,3/12/2023,7/20/2023,8/5/2023,61,32173.87,26632.36,In Progress
3154,9683,AnalyticsFlowPro Implementation 36,2/8/2020,8/24/2020,9/6/2020,45,91007.08,90553.73,Planned
1303,9684,SupportMaxPro Implementation 17,9/10/2021,12/6/2021,12/24/2021,83,63619.91,74474.82,Delayed
1803,9684,TeamCloud Implementation 30,10/28/2023,5/20/2024,5/26/2024,76,92596.03,106027.44,Completed
1112,9688,ExpenseManagerPro Implementation 42,5/29/2020,10/26/2020,11/17/2020,4,36205.49,30195.99,In Progress
2364,9693,FinanceCloud Implementation 41,11/18/2024,8/22/2025,9/17/2025,15,29340.12,34471.66,Delayed
405,9697,ProjectTracker Implementation 5,11/21/2020,6/25/2021,7/2/2021,23,27468.29,29233.2,Delayed
1511,9699,LeadFlow Implementation 17,8/23/2022,6/29/2023,7/28/2023,98,74034.03,81468.46,Completed
2924,9699,HR Manager Implementation 6,12/15/2020,2/7/2021,2/18/2021,50,7975.42,7032.72,Delayed
1561,9703,RevenueManagerPro Implementation 30,3/23/2023,12/8/2023,12/19/2023,43,21084.18,22868.6,Delayed
62,9708,CustomerManagerPro Implementation 34,7/13/2021,10/27/2021,11/11/2021,39,23466.23,26874.74,Completed
2976,9710,TeamPro Implementation 41,9/14/2025,1/12/2026,1/30/2026,54,32943.38,37973.98,Completed
1070,9711,CRM Plus Implementation 32,3/25/2020,1/23/2021,2/19/2021,53,58907.05,49229.07,Planned
1150,9713,CustomerConnect Implementation 4,8/16/2023,7/31/2024,8/18/2024,44,40697.51,42680.39,In Progress
2827,9713,ProjectCloud Implementation 25,3/23/2020,9/9/2020,9/17/2020,11,53664.47,43469.86,Completed
2865,9713,TaskFlowPro Implementation 18,12/22/2023,4/24/2024,5/1/2024,34,74139.79,74603.66,Completed
491,9717,RevenueTrackerPro Implementation 32,3/17/2024,3/4/2025,3/27/2025,39,71758.54,74358.23,Completed
3040,9718,RetailFlow Implementation 38,4/2/2020,7/25/2020,8/7/2020,71,6477.2,5988.74,In Progress
3435,9719,LeadFlowPro Implementation 14,1/28/2024,9/14/2024,9/20/2024,93,39670.63,40311.19,Planned
300,9724,ProfitMax Implementation 48,10/15/2024,10/12/2025,10/24/2025,73,20359.28,16605.38,Delayed
2957,9725,SupportSuite Implementation 4,12/7/2022,12/7/2023,12/23/2023,86,53508.59,63308.47,In Progress
1975,9726,ClientCloud Implementation 28,9/25/2025,12/29/2025,1/24/2026,61,69813.86,77319.62,In Progress
2997,9728,ReportMaster Implementation 41,7/10/2020,7/5/2021,7/21/2021,5,42419.99,50575.24,Completed
3041,9730,CRM SyncPro Implementation 5,1/7/2025,6/18/2025,7/14/2025,10,1307.33,1378.13,In Progress
1806,9733,AnalyticsProPlus Implementation 16,5/27/2021,11/12/2021,12/3/2021,96,64120.31,73433.08,Completed
1059,9735,TaskSuite Implementation 30,9/10/2021,2/27/2022,3/20/2022,37,42802.65,50166.7,Planned
620,9736,RetailSuite Implementation 33,2/6/2022,5/3/2022,5/16/2022,30,27978.06,27013.05,In Progress
2246,9736,ExpenseCloudPro Implementation 32,9/20/2022,1/18/2023,2/8/2023,24,60842.92,60237.28,In Progress
1502,9741,AnalyticsHub Implementation 2,10/11/2023,4/28/2024,5/12/2024,95,26786.85,23595.73,Planned
648,9744,CustomerMax Implementation 45,9/30/2020,1/17/2021,2/13/2021,52,79263.5,85512.24,In Progress
1569,9744,CloudERP Implementation 13,5/4/2025,5/3/2026,5/7/2026,13,65484.32,69308.62,Planned
504,9751,ProfitCloud Implementation 21,3/8/2024,11/5/2024,11/24/2024,89,47132.53,53851.46,Delayed
1194,9751,ProductivityPro Implementation 12,9/2/2020,5/29/2021,6/11/2021,92,40534.39,45025.85,Delayed
2919,9751,ProfitTracker Implementation 30,1/3/2022,3/31/2022,4/12/2022,31,50195.59,52403.76,Completed
2544,9756,OrderSuite Implementation 22,5/17/2023,10/30/2023,11/5/2023,83,32407.62,26108.46,Delayed
3406,9758,ProjectHub Implementation 44,5/13/2023,12/9/2023,12/20/2023,26,91362.6,101337.5,Planned
240,9760,LeadHunter Implementation 2,8/11/2023,4/12/2024,4/14/2024,52,56832.32,56601.4,Planned
1807,9761,SmartBilling Implementation 50,12/23/2023,12/8/2024,12/16/2024,58,41776.75,37296.54,Delayed
2371,9768,RevenuePro Implementation 41,7/10/2022,11/14/2022,12/2/2022,95,67536.24,67281.02,Completed
345,9770,TaskMasterPro Implementation 44,4/9/2023,10/5/2023,10/5/2023,35,49333.63,53099.77,In Progress
1624,9770,TaskFlow Implementation 7,11/5/2020,7/12/2021,8/3/2021,1,20961.49,17313.58,Delayed
2771,9772,CustomerCloudPro Implementation 1,2/12/2022,12/25/2022,12/27/2022,82,7597.44,6891.55,In Progress
33,9773,SupportSuite Implementation 3,9/27/2024,5/7/2025,5/29/2025,97,40762.89,45263.4,Planned
1989,9779,ProjectTrackerPro Implementation 6,12/29/2022,4/29/2023,5/9/2023,17,25525.05,27746.85,Delayed
619,9784,ClientCloud Implementation 35,8/29/2022,2/24/2023,3/4/2023,75,50307.79,43199.92,Completed
280,9788,InvoiceProPlus Implementation 28,9/1/2025,5/19/2026,6/4/2026,69,14497.95,12065.82,In Progress
769,9792,OrderCloud Implementation 37,3/2/2024,8/22/2024,9/6/2024,39,96734.11,111892.5,Planned
516,9795,TeamMax Implementation 44,10/30/2022,5/6/2023,5/10/2023,90,78274.38,79895.57,Delayed
2560,9797,ERPPro Implementation 48,7/6/2025,10/16/2025,11/5/2025,69,65165.6,64089.95,Delayed
891,9803,AnalyticsCloudPro Implementation 1,11/12/2025,2/21/2026,3/12/2026,92,13860.31,16619.36,Delayed
2572,9808,SalesTrackerPro Implementation 45,11/27/2023,7/22/2024,7/28/2024,61,34962.97,32819.09,Delayed
794,9809,RevenuePro Implementation 18,8/8/2020,4/20/2021,4/30/2021,45,28623.41,25431.28,Completed
29,9810,ServiceDesk Implementation 41,8/8/2022,11/20/2022,12/15/2022,16,13552.85,13557.53,In Progress
1132,9814,MarketingSuite Implementation 7,2/27/2020,1/10/2021,1/25/2021,76,16744.69,19271.19,Delayed
1215,9816,ProjectManager Implementation 19,3/27/2020,3/23/2021,4/18/2021,31,71654.87,62231.92,In Progress
1425,9819,ProjectHub Implementation 14,7/16/2021,4/23/2022,5/21/2022,68,88231.91,99463.66,Delayed
2452,9820,LeadFlow Implementation 34,1/12/2022,12/1/2022,12/18/2022,3,76104.72,67297.19,Planned
236,9822,RetailPro Implementation 33,10/29/2024,10/1/2025,10/31/2025,17,86375.04,97275.49,Delayed
1260,9823,CRM FlowPro Implementation 42,2/19/2025,1/1/2026,1/23/2026,21,20473.32,23984.71,Planned
2829,9830,CloudERP Implementation 4,7/19/2021,5/24/2022,6/22/2022,74,38754.87,34576.78,Completed
3342,9830,FinanceSyncPro Implementation 4,5/29/2025,2/6/2026,3/7/2026,22,53121.45,49494.47,Delayed
819,9833,SmartBilling Implementation 22,3/3/2023,5/31/2023,6/6/2023,65,66830.18,59449.61,In Progress
1413,9834,ExpenseTrackerPro Implementation 19,2/20/2022,6/10/2022,6/21/2022,32,9419.18,9684.76,Delayed
3083,9838,SalesMax Implementation 45,11/1/2021,2/5/2022,2/22/2022,94,91552.84,97920.32,Planned
454,9840,TaskMaster Implementation 49,2/14/2024,7/9/2024,8/8/2024,36,98448.62,78957.48,Completed
979,9843,InvoiceTrackerProPlus Implementation 27,3/22/2020,2/20/2021,3/5/2021,74,28434.5,33696.98,In Progress
2356,9846,RetailPro Implementation 49,9/21/2022,8/26/2023,9/14/2023,54,38747.59,36255.45,Completed
447,9851,TeamFlowPro Implementation 25,7/17/2022,5/10/2023,5/27/2023,48,74804.78,80679.05,Delayed
573,9852,BudgetMaster Implementation 27,3/11/2025,7/14/2025,7/24/2025,99,29191.59,32699.46,Delayed
2815,9859,SupportTrackerPro Implementation 34,3/22/2025,8/3/2025,8/12/2025,81,87983.25,94900.04,Completed
1057,9860,RetailFlow Implementation 14,1/9/2022,7/28/2022,8/4/2022,7,88405.76,99348.22,Planned
3370,9863,RevenueMax Implementation 35,9/12/2024,6/18/2025,7/11/2025,74,96229.62,99063.93,Planned
1815,9864,SupportSyncPro Implementation 23,9/20/2023,5/24/2024,6/10/2024,41,76042.81,81030.6,Planned
1821,9864,TeamPro Implementation 5,8/18/2025,4/9/2026,4/27/2026,21,82788.18,83141.49,Completed
40,9865,ProductivityPro Implementation 49,2/16/2022,1/30/2023,2/8/2023,49,12527.25,11396.9,Planned
1267,9865,ClientPortal Implementation 17,8/28/2024,11/15/2024,11/21/2024,99,57883.1,63005.41,Completed
530,9872,SalesManager Implementation 22,4/24/2023,9/11/2023,9/13/2023,34,54307.49,56171.05,In Progress
1353,9874,BudgetPlanner Implementation 10,9/30/2020,9/18/2021,10/11/2021,87,45102.86,40073.24,Completed
469,9875,ERP CloudPro Implementation 18,9/24/2022,11/19/2022,11/19/2022,85,31041.23,34040.21,Delayed
2926,9875,DataManager Implementation 20,1/16/2022,9/10/2022,9/18/2022,2,73089.52,61113.06,Delayed
2699,9884,ClientPortal Implementation 12,3/1/2021,1/13/2022,1/26/2022,7,49154.92,46470.7,Planned
585,9885,TaskCloudPro Implementation 31,12/3/2020,6/14/2021,6/24/2021,10,63703.75,51959.54,In Progress
2166,9887,AdManager Implementation 14,3/25/2020,9/28/2020,10/15/2020,78,96178.58,88155.15,Delayed
1146,9889,MarketingPro Implementation 46,7/9/2020,9/27/2020,10/10/2020,58,92051.38,108109.9,In Progress
1900,9889,HR Suite Implementation 32,1/4/2024,10/19/2024,11/15/2024,64,59472.48,55864.76,Delayed
3081,9889,FinanceCloudPro Implementation 1,12/5/2020,7/11/2021,7/23/2021,91,8942.46,9910.01,In Progress
2811,9890,LeadCloudPro Implementation 27,7/20/2024,10/24/2024,11/7/2024,89,58439.32,66044.08,In Progress
1345,9898,CustomerFlowPro Implementation 43,7/15/2024,8/30/2024,9/15/2024,97,6449.31,5343.56,In Progress
2711,9899,ServiceDesk Implementation 38,2/14/2023,12/14/2023,12/15/2023,7,6946.55,6275.62,Planned
3478,9899,SupportFlowPro Implementation 25,5/11/2021,3/3/2022,3/14/2022,17,56621.87,47736.23,Completed
2295,9900,SupportCloud Implementation 24,5/8/2020,3/9/2021,4/4/2021,17,42978.58,37630.14,Planned
827,9901,AnalyticsHub Implementation 10,6/11/2021,12/18/2021,12/24/2021,30,51800.97,47835.13,Planned
1095,9902,ProjectSync Implementation 4,5/21/2021,12/18/2021,1/17/2022,86,76148.93,64525.73,Planned
2043,9903,CustomerMax Implementation 38,9/13/2024,8/30/2025,9/22/2025,79,13327.35,11450.78,Planned
2127,9905,CRMPro Implementation 22,9/23/2020,12/5/2020,1/1/2021,2,92774.56,91757.14,Planned
2686,9907,ERP CloudPro Implementation 2,4/23/2021,1/28/2022,2/20/2022,39,62966.88,54475.42,Completed
2987,9908,CRM Cloud Implementation 15,8/19/2023,6/2/2024,7/2/2024,4,88502.64,92388.92,Planned
560,9909,LeadMax Implementation 12,5/10/2020,5/8/2021,5/9/2021,23,64002.54,60949.57,Delayed
1865,9913,ProjectFlowPro Implementation 44,6/15/2022,1/7/2023,1/31/2023,95,38571.28,33918.63,Completed
2808,9916,LeadHunter Implementation 46,10/14/2023,2/18/2024,3/15/2024,87,83239.94,67086.51,In Progress
1111,9918,ERP FlowPro Implementation 25,8/17/2020,5/20/2021,5/30/2021,67,88034.96,100255.3,In Progress
1886,9919,SupportFlowPro Implementation 2,12/26/2022,4/7/2023,5/3/2023,41,22606.29,18826.44,Completed
2434,9921,SupportMaxPro Implementation 38,12/22/2020,6/8/2021,6/23/2021,58,86849.67,93671.08,Delayed
3282,9921,TeamManagerPro Implementation 49,2/2/2023,11/24/2023,12/6/2023,38,66695.26,76601.66,In Progress
797,9934,TaskCloud Implementation 29,9/3/2021,10/10/2021,10/18/2021,88,45700.63,54750.85,Delayed
657,9936,RetailPro Implementation 8,3/3/2025,7/19/2025,7/19/2025,58,89735.95,83551.8,In Progress
645,9937,InvoicePro Implementation 17,7/3/2020,10/17/2020,11/6/2020,65,72292.81,85042.63,Completed
1045,9942,RetailCloudPro Implementation 12,7/15/2020,8/22/2020,9/18/2020,23,38337.77,32687.96,In Progress
2454,9943,RetailMax Implementation 10,8/7/2024,2/25/2025,3/23/2025,38,9017.9,9080.88,Delayed
255,9944,AnalyticsCloud Implementation 12,3/5/2023,12/1/2023,12/1/2023,41,78736.98,64890.69,Completed
3234,9948,ProjectSync Implementation 48,10/30/2022,5/7/2023,5/23/2023,16,58640.91,66971.09,Delayed
1882,9949,TaskSuite Implementation 46,10/17/2022,8/20/2023,9/19/2023,16,79978.8,73228.9,Planned
2481,9949,LeadSyncPro Implementation 22,11/2/2024,8/27/2025,9/4/2025,75,56698.6,55447.55,In Progress
3438,9952,OrderManager Implementation 14,9/5/2023,4/7/2024,4/14/2024,68,57092.53,45738.66,Delayed
3468,9952,CampaignManager Implementation 10,11/14/2021,6/3/2022,6/6/2022,56,54128.13,59538.29,Delayed
1538,9953,LeadFlow Implementation 10,3/20/2022,8/8/2022,9/1/2022,12,49385.02,47889.48,Planned
1020,9956,CustomerFlowPro Implementation 25,8/23/2025,7/10/2026,8/5/2026,1,69553.91,57354.37,Delayed
3369,9958,TeamMax Implementation 13,8/3/2021,3/15/2022,4/10/2022,68,58476.23,56887.17,Planned
2180,9965,FinanceSuite Implementation 2,2/23/2020,12/8/2020,1/6/2021,9,78971.9,73788.76,In Progress
2327,9970,SupportDesk Implementation 37,10/21/2024,10/10/2025,10/20/2025,14,75252.03,76127.53,Delayed
437,9972,CRM Cloud Implementation 18,9/3/2021,8/14/2022,8/27/2022,56,82045.8,79309.67,Completed
1618,9975,SupportPro Implementation 38,2/26/2021,6/10/2021,6/24/2021,37,77539.91,85472.77,Completed
1849,9977,TeamMax Implementation 44,1/30/2021,10/7/2021,11/2/2021,98,35834.03,29024.61,Completed
3336,9983,RevenueMax Implementation 27,7/29/2023,7/24/2024,8/16/2024,37,7400.68,7588.08,Planned
1919,9991,CustomerFlowPro Implementation 38,11/5/2020,11/1/2021,11/2/2021,100,99927.07,114911.31,In Progress
3362,9992,AdTracker Implementation 1,11/27/2020,11/24/2021,12/17/2021,84,76464.03,65880.09,In Progress
377,9995,FinanceSyncPro Implementation 5,4/4/2023,3/23/2024,3/24/2024,86,10067.81,11362.44,Completed
1775,9995,ProjectSuite Implementation 28,5/24/2020,8/29/2020,9/25/2020,95,42031.24,47175.7,Delayed
3167,9996,TaskSuite Implementation 1,10/21/2025,5/30/2026,6/21/2026,31,95821,81133.26,In Progress
128,9998,ClientManager Implementation 11,10/26/2021,2/26/2022,3/17/2022,82,55309.9,54706.4,In Progress
272,9998,TaskFlow Implementation 11,2/1/2022,4/30/2022,5/22/2022,13,83000.33,96645.46,Planned
2412,9999,RetailFlow Implementation 27,8/11/2020,4/12/2021,4/12/2021,24,28936.33,32800.79,Completed
